<?xml version="1.0" encoding="UTF-8"?>
<java version="17.0.7" class="java.beans.XMLDecoder">
 <object class="org.eclipse.epp.internal.mpc.ui.catalog.MarketplaceInfo" id="MarketplaceInfo0">
  <void property="iuToNodeKey">
   <void method="put">
    <string>org.moreunit.light.feature</string>
    <object class="java.util.ArrayList">
     <void method="add">
      <string>https://marketplace.eclipse.org#194</string>
     </void>
    </object>
   </void>
   <void method="put">
    <string>de.jepfa.easyconsolegrepper.feature</string>
    <object class="java.util.ArrayList">
     <void method="add">
      <string>https://marketplace.eclipse.org#1611949</string>
     </void>
    </object>
   </void>
   <void method="put">
    <string>org.moreunit.mock.feature</string>
    <object class="java.util.ArrayList">
     <void method="add">
      <string>https://marketplace.eclipse.org#194</string>
     </void>
    </object>
   </void>
   <void method="put">
    <string>io.snyk.scanner.feature.group</string>
    <object class="java.util.ArrayList">
     <void method="add">
      <string>https://marketplace.eclipse.org#4706981</string>
     </void>
    </object>
   </void>
   <void method="put">
    <string>EclipseTools</string>
    <object class="java.util.ArrayList">
     <void method="add">
      <string>https://marketplace.eclipse.org#4492195</string>
     </void>
    </object>
   </void>
   <void method="put">
    <string>org.eclipse.m2e.feature</string>
    <object class="java.util.ArrayList">
     <void method="add">
      <string>https://marketplace.eclipse.org#5321178</string>
     </void>
    </object>
   </void>
   <void method="put">
    <string>org.moreunit.feature</string>
    <object class="java.util.ArrayList">
     <void method="add">
      <string>https://marketplace.eclipse.org#194</string>
     </void>
    </object>
   </void>
   <void method="put">
    <string>com.devepos.adt.abaptags</string>
    <object class="java.util.ArrayList">
     <void method="add">
      <string>https://marketplace.eclipse.org#5172007</string>
     </void>
    </object>
   </void>
   <void method="put">
    <string>com.abapblog.verticaltabs.abap.feature</string>
    <object class="java.util.ArrayList">
     <void method="add">
      <string>https://marketplace.eclipse.org#5651642</string>
     </void>
    </object>
   </void>
   <void method="put">
    <string> org.eclipse.m2e.pde.feature</string>
    <object class="java.util.ArrayList">
     <void method="add">
      <string>https://marketplace.eclipse.org#5321178</string>
     </void>
    </object>
   </void>
   <void method="put">
    <string>de.sebthom.eclipse.findview.feature</string>
    <object class="java.util.ArrayList">
     <void method="add">
      <string>https://marketplace.eclipse.org#5564321</string>
     </void>
    </object>
   </void>
   <void method="put">
    <string>org.eclipse.epp.mpc</string>
    <object class="java.util.ArrayList">
     <void method="add">
      <string>https://marketplace.eclipse.org#4123770</string>
     </void>
    </object>
   </void>
   <void method="put">
    <string>com.abapblog.verticaltabs.feature</string>
    <object class="java.util.ArrayList">
     <void method="add">
      <string>https://marketplace.eclipse.org#5651642</string>
     </void>
    </object>
   </void>
   <void method="put">
    <string>net.harawata.mybatipse.feature</string>
    <object class="java.util.ArrayList">
     <void method="add">
      <string>https://marketplace.eclipse.org#1467819</string>
     </void>
    </object>
   </void>
   <void method="put">
    <string>org.eclipse.xtext.sdk</string>
    <object class="java.util.ArrayList">
     <void method="add">
      <string>https://marketplace.eclipse.org#1073</string>
     </void>
    </object>
   </void>
   <void method="put">
    <string>umlet-eclipse-feature.feature.group</string>
    <object class="java.util.ArrayList">
     <void method="add">
      <string>https://marketplace.eclipse.org#171</string>
     </void>
    </object>
   </void>
  </void>
  <void property="nodeKeyToIU">
   <void method="put">
    <string>https://marketplace.eclipse.org#194</string>
    <object class="java.util.ArrayList">
     <void method="add">
      <string>org.moreunit.feature</string>
     </void>
     <void method="add">
      <string>org.moreunit.mock.feature</string>
     </void>
     <void method="add">
      <string>org.moreunit.light.feature</string>
     </void>
    </object>
   </void>
   <void method="put">
    <string>https://marketplace.eclipse.org#5651642</string>
    <object class="java.util.ArrayList">
     <void method="add">
      <string>com.abapblog.verticaltabs.feature</string>
     </void>
     <void method="add">
      <string>com.abapblog.verticaltabs.abap.feature</string>
     </void>
    </object>
   </void>
   <void method="put">
    <string>https://marketplace.eclipse.org#4706981</string>
    <object class="java.util.ArrayList">
     <void method="add">
      <string>io.snyk.scanner.feature.group</string>
     </void>
    </object>
   </void>
   <void method="put">
    <string>https://marketplace.eclipse.org#171</string>
    <object class="java.util.ArrayList">
     <void method="add">
      <string>umlet-eclipse-feature.feature.group</string>
     </void>
    </object>
   </void>
   <void method="put">
    <string>https://marketplace.eclipse.org#5172007</string>
    <object class="java.util.ArrayList">
     <void method="add">
      <string>com.devepos.adt.abaptags</string>
     </void>
    </object>
   </void>
   <void method="put">
    <string>https://marketplace.eclipse.org#1611949</string>
    <object class="java.util.ArrayList">
     <void method="add">
      <string>de.jepfa.easyconsolegrepper.feature</string>
     </void>
    </object>
   </void>
   <void method="put">
    <string>https://marketplace.eclipse.org#5564321</string>
    <object class="java.util.ArrayList">
     <void method="add">
      <string>de.sebthom.eclipse.findview.feature</string>
     </void>
    </object>
   </void>
   <void method="put">
    <string>https://marketplace.eclipse.org#4123770</string>
    <object class="java.util.ArrayList">
     <void method="add">
      <string>org.eclipse.epp.mpc</string>
     </void>
    </object>
   </void>
   <void method="put">
    <string>https://marketplace.eclipse.org#5321178</string>
    <object class="java.util.ArrayList">
     <void method="add">
      <string>org.eclipse.m2e.feature</string>
     </void>
     <void method="add">
      <string> org.eclipse.m2e.pde.feature</string>
     </void>
    </object>
   </void>
   <void method="put">
    <string>https://marketplace.eclipse.org#1467819</string>
    <object class="java.util.ArrayList">
     <void method="add">
      <string>net.harawata.mybatipse.feature</string>
     </void>
    </object>
   </void>
   <void method="put">
    <string>https://marketplace.eclipse.org#1073</string>
    <object class="java.util.ArrayList">
     <void method="add">
      <string>org.eclipse.xtext.sdk</string>
     </void>
    </object>
   </void>
   <void method="put">
    <string>https://marketplace.eclipse.org#4492195</string>
    <object class="java.util.ArrayList">
     <void method="add">
      <string>EclipseTools</string>
     </void>
    </object>
   </void>
  </void>
 </object>
</java>
