views;respects;tot_recommendations
9;2;36
1004;12;22
2491;12;0
20;1;418
4981;23;2
1009;10;62
250;2;98
46;2;36
1993;11;61
3487;8;36
14;0;316
2;0;36
78;1;36
5728;28;7
57;0;2
7;0;2
6;0;2
499;6;104
1993;7;10
250;2;349
27;0;402
6;0;320
1246;4;388
14;0;61
499;1;39
2242;7;57
6;1;36
256;6;316
748;5;36
4;0;316
500;5;36
748;8;70
4;1;36
1247;8;424
2;0;316
251;4;22
14;0;2
2989;16;361
265;1;0
251;0;350
4733;20;83
2;1;36
44;0;7
4989;14;316
1246;7;328
3987;16;36
7;0;417
3737;25;0
77;2;45
499;2;322
2243;8;36
27;0;66
748;4;55
31;1;341
1495;4;2
6730;23;71
12;0;34
8;0;36
755;6;2
250;1;61
1246;20;2
6;0;316
7;0;1
9;0;316
748;2;0
819;10;4
4733;12;83
2492;4;19
1993;12;405
45;0;1
324;1;316
2740;8;49
6725;26;2
111;0;316
6;0;62
1800;8;322
10;1;22
5;0;22
608;2;11
1495;3;338
492;2;341
1996;6;316
14;0;46
1496;8;64
666;4;322
250;7;316
253;5;316
499;4;44
2672;13;45
7;0;66
251;7;325
1495;4;334
250;1;36
7;0;316
8;0;69
14;2;316
2242;1;91
3736;16;418
250;1;36
1495;2;0
258;2;2
250;1;11
18;0;316
499;7;43
748;2;5
1495;4;47
1235;5;11
1495;21;31
499;1;22
748;4;411
974;3;399
1743;2;2
1246;3;371
2073;3;361
3985;31;12
255;4;2
2118;5;36
41;0;320
1246;5;357
8753;8;316
14;1;320
1320;4;1
1498;25;2
49;4;36
4;0;39
11;0;375
1495;4;50
7;0;320
46;3;0
2022;28;22
2;0;316
1248;6;75
253;28;0
250;2;0
2130;11;0
12;0;355
279;6;0
3487;6;442
5231;13;332
499;5;316
997;8;328
1611;7;36
2;0;361
1744;7;0
1204;5;0
12;0;36
1347;5;13
4981;13;45
997;1;60
998;10;36
3;0;341
8;0;102
2989;6;79
9697;26;91
1037;3;107
6;0;105
2505;2;103
10;0;90
11;0;352
7;0;406
2749;9;36
4461;8;100
3;0;316
254;1;0
25;0;400
8;0;42
251;2;33
3;0;316
2;0;0
3308;8;39
998;1;2
501;5;323
937;3;316
35;1;94
2;0;316
4139;9;352
3379;21;36
4234;7;372
2491;7;22
2809;7;10
997;9;33
2435;8;338
2;0;328
4325;6;36
7359;21;355
4;1;0
5;1;0
1247;3;2
3;1;0
2;0;328
9028;65;90
3;0;36
1994;5;0
4;1;375
10959;3;11
212;2;419
9215;19;0
3487;23;36
628;2;0
7;0;316
6226;15;36
1002;7;55
1763;1;36
5574;12;352
8467;19;417
46;1;451
9;0;36
4981;10;1
2989;9;89
3831;13;0
341;3;4
248;2;12
55;2;1
2;0;45
7;0;0
1247;3;0
2243;12;0
87;2;0
22;0;24
748;2;10
64;0;0
2979;10;0
1993;4;33
33;0;0
11;1;322
385;1;46
745;3;406
195;1;316
12;0;316
2;0;316
250;1;39
9;0;0
7;0;0
2;0;7
4;0;316
749;1;373
2989;8;2
8;0;316
3;0;453
1994;4;36
250;3;1
1246;3;0
2;0;316
3985;12;22
5479;16;371
17;1;409
6025;15;46
250;1;439
2;0;42
7089;34;1
748;10;0
2840;5;0
2;0;36
2283;7;0
10;0;0
749;8;0
172;2;0
3;0;36
2;0;36
4;0;0
1854;6;0
1495;6;1
283;1;36
8;1;326
1993;3;50
7;0;322
2;0;89
763;7;365
271;1;0
133;1;45
41;0;0
1496;1;36
3;0;36
748;1;37
4;0;2
198;3;0
553;2;338
251;4;22
583;3;2
3;0;7
2844;7;0
3986;47;0
1993;5;36
3985;10;331
30;1;16
3585;12;36
1122;2;36
2;0;361
4;0;319
372;5;10
3736;9;0
2740;6;45
1;0;316
49;1;0
251;2;36
178;0;450
40;0;33
21;1;4
3985;8;18
2242;5;325
2;0;61
2;0;46
11954;4;316
717;3;374
158;2;59
3985;5;53
2;0;318
3183;46;22
1174;2;130
250;1;114
1250;6;7
8183;6;316
504;1;0
3985;15;361
268;2;36
1178;3;316
5487;55;22
1089;5;0
1409;2;406
997;3;61
16;0;22
748;6;3
9964;14;36
842;3;361
997;2;106
105;3;36
4240;13;47
34114;83;36
131;1;361
81;1;92
1993;6;0
5230;20;2
799;3;4
140;3;316
1250;2;316
43;1;107
2740;8;64
149;2;0
499;5;36
1246;4;53
164;2;316
136;1;318
997;4;14
81;1;316
86;2;86
250;3;22
20;1;36
496;2;134
80;1;0
583;1;387
3742;7;67
1495;2;326
4711;11;316
109;1;36
945;3;22
3824;10;3
2487;6;5
24652;52;26
744;2;95
4484;17;73
2758;16;0
4732;8;36
684;5;316
1559;4;47
2492;9;80
5112;8;36
7528;8;53
4120;21;316
2740;7;25
3238;10;352
64;0;316
1369;5;22
1591;6;36
1265;8;93
11455;21;159
7969;8;369
438;1;316
606;1;46
1447;2;334
955;4;44
7471;5;316
349;2;69
1171;3;42
4483;11;0
255;5;318
1268;6;19
2591;5;40
3189;18;364
824;7;14
2609;16;0
3985;23;316
1279;6;316
1246;3;36
2405;9;50
1793;4;2
3981;10;2
748;1;0
1794;6;25
625;1;372
2989;7;55
7791;5;372
1775;5;14
1068;4;19
3640;6;327
449;3;0
12202;19;328
719;3;143
457;2;316
1754;3;333
117;1;0
2397;5;72
516;1;36
5479;8;316
9067;16;21
2361;6;373
1745;14;0
5230;14;0
4530;11;316
1246;0;0
3238;7;67
7969;22;38
3489;15;25
377;1;0
321;1;316
997;3;368
5854;7;22
3609;15;5
6973;19;36
511;5;354
3430;8;50
3736;5;93
1794;7;401
2028;11;316
236;2;36
532;3;126
5479;4;316
1026;3;0
998;3;36
400;3;36
2242;7;106
3963;5;407
4484;8;140
1246;4;322
1246;2;316
2724;8;11
1993;5;40
8716;20;62
1807;17;0
992;2;36
3458;5;437
2242;2;0
2491;7;54
3074;9;0
2242;7;353
14194;52;2
1049;3;36
8469;51;106
3239;17;51
3109;6;37
1364;4;22
2696;3;319
8965;20;81
4915;20;352
7720;28;55
6048;12;7
3736;6;316
4827;19;36
5977;28;84
5479;12;187
22660;9;352
4732;15;91
8708;15;409
997;2;22
9427;5;316
7911;11;431
4025;21;22
4469;23;2
4236;14;316
1247;6;341
5728;15;36
2242;9;22
13198;6;379
3985;24;353
1952;7;36
2906;6;36
6703;15;316
2305;6;2
2299;4;316
29383;46;45
603;3;331
1449;7;94
2242;6;126
9530;10;350
2099;2;81
4732;27;2
26593;46;316
2989;2;36
8716;22;2
3370;9;17
1495;4;1
11654;22;352
3118;23;2
9063;14;321
6226;15;50
14796;16;36
1451;3;48
11954;44;46
2989;10;1
11455;24;0
2740;6;316
4042;7;4
4981;22;327
9579;18;59
6226;4;316
12143;33;40
1146;6;22
2989;9;23
1760;8;28
3720;19;2
3488;16;380
806;1;152
1187;1;397
1817;4;69
1516;4;7
966;3;154
1769;5;23
1282;3;4
1289;3;316
2544;8;53
11343;45;36
3523;28;352
2897;7;56
7278;20;36
1221;1;7
3932;19;11
2952;9;105
14074;48;0
18178;10;36
3053;3;39
18961;24;316
14195;23;406
19423;18;0
26893;51;435
11098;8;81
15743;36;59
12700;10;36
1625;10;22
15175;43;2
3322;5;11
1843;10;66
1778;3;361
2511;8;2
2404;1;43
3477;4;316
1277;2;316
2323;3;36
1993;2;316
6724;10;94
34145;54;36
7817;13;89
591;1;316
6476;11;361
996;2;22
962;0;21
1945;6;45
3085;4;322
4483;10;36
1093;2;81
1959;3;0
8476;10;36
10641;12;106
3737;11;55
2160;6;0
25087;54;316
3590;4;115
5230;16;36
6724;27;0
22054;23;70
4880;5;321
5470;6;411
1746;5;36
4654;23;0
7462;26;36
7187;8;55
2491;4;326
11705;11;321
1780;4;37
2317;7;316
3487;3;36
2836;10;318
1079;1;0
2740;7;36
5837;12;48
6226;10;57
12951;16;42
2433;1;0
4126;15;1
3751;6;111
6746;13;316
6724;19;4
5206;6;349
2120;4;361
7978;29;36
1831;8;36
2848;7;59
12202;17;128
3425;14;98
15146;48;0
3245;2;2
10672;14;316
1094;4;352
1902;4;36
1998;5;50
2740;2;22
6725;22;36
5762;23;22
1733;3;2
10957;38;22
7971;2;458
11953;7;316
5188;15;36
4236;23;2
9843;12;46
3903;7;474
6408;19;26
6335;10;95
20419;18;38
3985;12;41
14941;25;65
25151;90;2
2035;3;0
4103;9;0
2032;6;51
3114;4;36
21486;32;367
1761;6;344
2259;4;14
13946;29;71
8571;20;48
3985;4;0
8910;30;0
7052;16;1
3557;4;317
1993;1;2
14694;31;316
1359;5;26
1993;3;0
12462;12;93
66235;93;92
9464;40;50
18427;39;36
7969;12;64
5728;13;85
3287;4;316
3985;17;30
4240;6;316
6011;27;316
2740;9;15
1016;2;378
6289;13;47
18893;20;453
10849;17;5
4610;17;0
6178;59;316
3301;8;2
8219;16;131
5083;11;36
42336;36;45
22036;39;0
3394;7;36
3487;11;67
2989;5;0
2448;6;2
1601;3;317
2749;6;47
6724;10;316
7222;16;27
20776;70;350
8632;12;36
2265;4;378
6475;9;53
13697;21;316
5122;11;372
5300;13;378
13359;2;378
2329;4;50
2003;12;0
4759;9;316
7472;9;412
84412;149;418
1513;5;36
1647;4;316
29881;65;34
3208;6;400
4733;6;361
1744;5;4
7720;20;64
5424;4;0
3832;14;320
2970;2;0
20668;27;316
2487;4;439
11456;32;69
1246;3;316
11714;19;316
19418;6;38
9961;27;36
1630;2;61
10304;24;36
10708;34;361
26893;63;407
2735;8;36
3850;7;439
9148;12;10
10210;23;316
4365;6;2
17539;20;45
10304;15;338
19423;44;98
8716;22;62
2450;8;39
29622;21;316
9216;20;137
6725;7;22
1087;1;0
46564;60;81
5231;8;22
1359;9;316
37601;26;47
15190;31;45
4342;30;55
5872;6;83
2491;1;36
9712;15;38
8716;11;37
15390;4;22
7747;2;316
7202;19;407
2123;3;333
5479;15;0
13276;20;0
2639;7;345
5120;11;316
3737;5;422
39695;52;55
5785;8;1
11249;18;36
17433;25;118
1439;3;316
3736;7;48
20993;82;316
11117;7;114
7725;13;54
2357;2;22
6839;17;0
2603;5;38
3270;5;36
5771;7;90
3850;18;347
2241;3;22
3669;12;36
8405;30;316
2786;7;418
15272;7;36
3334;10;34
2926;8;333
2989;14;7
5231;7;8
16435;18;54
6226;13;39
3926;5;36
4928;5;4
11206;28;42
6724;23;2
17930;21;38
18882;31;0
2368;1;69
5567;4;61
6692;9;36
4474;13;41
3067;8;1
2212;4;55
3985;5;36
1070;5;36
3238;4;22
3102;3;316
2242;2;1
2324;2;1
1728;5;389
2989;3;0
17523;28;81
46431;77;7
5620;8;118
20668;32;45
3627;9;66
8716;16;361
1495;4;316
1594;1;316
2242;3;36
4387;6;36
5135;12;0
5007;5;0
3238;7;373
16435;14;11
10497;16;316
11953;18;316
4976;17;316
3986;12;320
20917;10;325
9712;29;127
3840;18;58
10210;13;2
11797;5;99
8472;6;90
15177;26;0
3309;9;145
22909;24;356
9961;13;36
17718;21;331
5977;36;2
3043;4;36
9132;35;36
3736;11;57
3238;4;2
4234;6;0
13995;23;36
96862;115;0
7471;16;36
2989;14;36
6872;15;22
20668;25;48
1358;3;2
4235;14;36
11365;6;94
4482;6;330
5332;13;53
10708;10;36
15744;12;67
21166;30;4
9961;10;61
5606;6;316
4483;5;107
8467;24;379
11954;14;16
8475;21;316
18706;54;0
25897;19;53
11653;18;95
16007;6;374
16186;22;361
15877;14;0
8717;15;38
3496;3;0
13696;7;374
6175;11;87
7471;21;1
16199;26;324
6689;10;327
2284;2;36
11548;6;316
2243;10;48
2957;5;316
7482;12;1
3777;9;36
2038;2;36
40856;27;392
19404;14;329
7223;9;36
4012;2;22
17239;10;357
7083;2;87
2111;1;335
3775;9;316
43340;13;81
3736;18;30
19847;10;362
5979;9;79
3952;6;48
3519;2;50
6973;19;364
13200;10;41
3985;5;21
13945;18;42
31062;168;321
25399;35;324
5977;4;316
27902;10;632
3605;2;461
8213;10;331
3791;11;316
25788;12;36
28454;9;389
3487;9;2
10460;18;361
5713;16;25
1408;0;0
5234;4;341
1781;2;316
1557;1;9
17184;15;316
938;3;0
2740;1;316
2449;4;37
28175;10;316
5174;29;0
28859;51;36
2491;4;60
7720;12;316
7471;23;126
24133;12;6
7706;28;69
3155;3;320
8716;10;38
30860;27;54
49303;42;15
7471;15;112
4483;10;36
6232;25;36
4875;6;357
3123;9;361
1869;1;405
1145;4;425
4732;5;437
2647;5;30
43328;220;316
51085;39;142
6248;4;1
7143;13;2
4236;6;348
4927;11;41
10958;14;0
3396;9;103
19779;20;341
10708;56;2
1366;0;316
16684;18;2
3455;6;22
5657;4;36
2650;5;22
8738;13;1
14941;16;36
9464;30;36
10708;11;36
1269;5;22
14514;26;362
107533;14;324
2743;2;55
7471;12;36
7222;8;145
2547;8;106
1168;5;316
5287;4;61
1804;1;429
3488;9;326
1478;6;138
2745;5;36
1319;5;0
6266;15;332
23242;8;316
1666;0;10
3712;4;328
1998;3;29
5360;3;316
2565;1;26
1157;5;316
14449;10;316
12589;9;36
2301;3;168
1683;2;316
1196;1;154
7222;6;2
1283;0;1
1596;6;68
13448;18;397
4415;6;52
2347;10;1
6829;2;67
9100;14;2
1427;3;1
2242;5;12
4464;14;13
2620;6;1
1154;0;70
1880;2;61
1761;3;59
12439;21;36
1752;5;57
18034;56;79
20192;8;45
3243;2;55
3074;2;55
2151;3;75
2283;2;46
7035;19;36
7969;23;316
1158;5;46
658;2;94
7473;17;361
17680;21;31
5194;9;352
6526;13;316
10027;10;326
4392;8;139
15688;14;61
1993;4;334
3284;2;353
4069;9;316
3218;3;316
3792;7;316
6655;8;316
8160;11;373
5625;1;316
9433;5;4
2214;5;45
10237;2;365
1306;1;10
13198;21;319
5728;12;67
14692;12;65
8545;14;320
5771;1;495
1407;2;2
494;0;349
30629;10;320
5562;6;65
4551;7;358
20917;19;36
25817;46;50
2486;7;434
4235;16;316
6190;3;316
2175;4;316
18676;42;373
8664;11;316
25138;17;361
3311;8;126
2382;1;316
4130;9;1
2373;0;384
3697;1;36
12451;9;30
9202;17;38
1914;3;4
19148;21;101
19222;11;371
3997;3;316
2642;7;0
14178;14;316
3480;5;36
2618;3;348
6724;9;316
5884;9;50
1233;2;45
1407;0;159
2955;6;50
650;0;316
7625;6;120
4251;10;451
11206;10;362
62749;36;28
3536;4;316
1151;2;0
3921;1;83
2070;1;316
2108;6;142
2771;3;316
17680;10;46
3960;6;33
3988;14;318
11457;22;53
2740;4;4
946;4;36
17792;23;64
3985;13;22
6725;6;61
13696;21;36
10752;20;102
5977;14;446
2790;12;316
6093;7;36
9359;18;322
772;0;36
7095;15;316
589;6;406
4007;1;2
1097;1;36
12949;10;410
16287;11;10
2331;1;36
6718;5;28
2746;8;2
4483;15;1
4126;1;42
8965;15;419
4170;13;36
7346;35;2
11206;9;43
5230;12;35
3736;1;36
3453;5;423
2321;2;36
1525;3;366
7060;10;48
11676;32;394
14941;19;36
28061;29;394
1520;3;22
6505;16;4
1405;5;335
37851;52;375
8431;15;350
3760;2;7
2418;6;97
13945;10;7
4699;5;7
1993;7;1
10708;30;407
12921;12;394
368;0;37
61827;30;316
3295;6;328
599;0;22
5977;10;335
5387;6;7
6502;22;382
11300;30;316
3239;17;59
7938;10;36
1934;4;43
331223;80;373
8837;8;349
827;0;320
6973;4;383
5764;5;59
2491;7;36
26894;59;41
1306;3;108
6270;19;47
3238;7;316
2819;6;0
4543;8;319
9603;11;45
1066;2;352
3334;6;391
1586;5;22
3985;8;361
10960;19;100
863;2;361
19921;23;367
21164;22;36
5410;14;1
3000;5;104
18676;26;22
21217;21;36
1439;0;330
13448;39;69
37939;95;10
7062;12;53
11614;3;92
1750;1;36
10460;41;316
2996;3;356
5977;4;348
23656;1;322
2953;5;386
8467;5;2
16684;10;316
6816;10;36
56595;25;36
26893;14;22
1693;5;335
7223;12;7
5798;12;10
3457;11;36
4599;3;0
14244;10;415
4205;14;343
1029;3;44
2481;8;316
10094;9;316
11206;20;94
1752;5;45
1235;6;94
2345;3;399
26025;26;352
3865;5;13
8937;18;36
1746;3;316
4242;8;478
11622;22;48
1639;2;368
1993;3;54
9962;12;0
2471;1;7
2621;3;1
13576;14;316
15534;21;65
5833;10;435
1385;1;321
15439;31;0
6892;16;2
2708;1;361
6725;15;80
4135;12;394
2465;5;81
14748;26;370
4234;12;32
3329;4;22
1595;2;316
3343;6;38
6973;16;36
7089;6;22
6576;33;26
18927;22;339
6052;12;361
32957;60;350
3337;11;70
6475;21;2
15174;9;68
3801;7;22
35763;89;93
1991;7;0
18427;7;11
5977;3;316
1745;2;316
17432;93;107
49359;22;411
2095;2;74
30130;30;7
14017;5;319
7687;40;68
5352;9;22
3238;11;471
5728;16;36
4234;3;316
5915;2;338
8761;17;393
2759;3;352
2341;4;62
1470;4;400
3598;10;316
1671;1;36
1900;1;0
4104;10;57
2891;9;321
39592;33;53
1170;1;324
3435;3;38
3904;6;371
2034;2;36
1421;2;37
1406;2;338
4318;7;320
21914;51;55
5328;17;316
1993;3;318
6119;6;439
59853;20;361
5644;12;316
2153;5;2
10823;25;10
2837;3;72
4981;12;321
5919;18;156
52540;13;316
7471;13;36
1962;4;125
2883;4;36
6117;10;36
20170;22;316
3003;3;36
19922;65;366
8242;4;366
15190;51;324
3985;6;350
3414;4;36
1650;1;36
8579;11;36
32869;75;423
3746;16;331
4277;5;22
19423;10;61
12451;14;82
10708;8;406
2071;6;316
3800;14;361
5411;6;20
5479;32;36
13351;32;49
1812;2;68
2803;6;36
8057;16;22
5452;11;352
2764;3;46
3609;2;368
10073;8;394
1495;4;48
6372;10;431
2607;8;22
12391;12;11
1286;1;47
1265;3;4
7865;26;0
21166;19;65
7223;21;35
967;1;321
6475;3;316
1203;3;0
27757;17;37
4234;4;15
176;0;36
13271;8;394
2230;2;380
2106;14;364
2786;7;0
8965;31;67
12949;16;2
5977;17;48
3238;14;36
1528;0;316
21919;28;407
5487;12;58
609;2;36
17929;56;2
1071;0;316
2516;3;38
3012;5;394
9464;11;316
5840;10;55
9713;17;316
2373;4;316
5479;10;0
9962;10;126
2422;5;320
8173;8;28
879;4;316
1764;3;59
4983;10;70
9238;22;368
1744;5;61
30878;12;318
13198;7;36
2134;2;406
1996;5;84
2732;7;36
2961;8;4
3585;4;356
14941;37;22
22165;49;372
16868;7;369
2247;3;316
10460;4;0
6927;5;378
1209;2;22
5947;14;36
17431;82;36
21938;17;37
3724;8;325
14195;34;371
1745;2;36
7165;14;334
74068;15;446
112051;19;432
1351;1;0
11840;44;17
6821;10;0
8551;18;160
5979;5;58
15190;13;420
7055;8;45
1830;20;58
2242;1;69
77815;25;408
12468;31;36
1262;1;4
9034;7;323
6226;21;22
8965;29;374
3312;5;30
6226;6;333
1208;2;0
8413;12;36
70468;59;0
3457;10;61
9215;21;36
14273;51;22
1993;7;48
3130;5;46
1538;2;2
3231;9;316
4259;5;2
3782;10;418
5011;8;316
4111;7;352
1811;4;57
2282;4;40
3760;7;90
3873;5;12
3515;15;318
23657;11;36
24115;49;69
12721;17;398
3736;2;36
13395;43;316
12700;27;147
2728;8;316
3707;11;61
7112;22;36
5714;11;330
1121;0;75
2242;4;48
9905;14;441
2908;4;316
12287;2;335
4775;8;29
3736;7;322
2026;9;22
8431;12;328
5434;6;433
2605;3;316
7739;15;14
211900;66;322
1606;2;41
2176;5;58
4483;19;46
10709;12;316
2114;4;316
3736;9;36
4038;12;74
2544;5;36
31129;23;450
6320;10;361
9214;10;342
22222;8;365
2265;4;2
35359;48;37
1242;2;82
3395;1;316
15859;16;316
13696;28;341
2561;10;316
95119;20;332
59014;79;40
16026;36;113
20671;17;323
1937;1;331
1867;7;460
1575;0;316
27246;11;453
731;2;69
2491;7;12
5729;25;36
1993;2;42
12803;29;352
11220;21;331
29134;12;53
7120;7;53
14692;6;38
30131;82;316
12139;35;22
4704;5;335
9464;4;47
1347;0;450
7333;23;22
19672;28;324
43692;8;316
4732;3;316
19923;177;316
12700;56;36
1814;0;342
6981;2;37
1720;0;36
4205;6;431
12202;114;36
2907;11;316
36716;53;36
12701;27;38
1390;5;52
4430;16;335
88432;41;375
1436;2;367
3238;12;386
5978;15;69
12202;16;30
1296;0;316
1736;2;367
1041;2;0
69721;23;39
5728;6;0
2323;2;328
8891;14;330
12463;30;36
2046;6;81
30061;73;437
24154;63;352
8625;16;345
2989;3;17
3166;5;36
42580;75;89
3441;7;74
3829;3;316
2120;1;31
2354;5;437
124003;57;351
2402;5;316
3662;7;53
1956;3;22
1942;4;1
8558;12;335
5730;11;361
1324;3;58
5713;5;361
1023;0;36
11455;12;316
37158;15;0
8716;3;0
6789;17;394
2270;8;316
72462;118;368
119790;167;36
3524;9;454
3942;4;98
6475;9;316
8965;5;45
2187;5;316
25151;47;316
46315;89;316
7637;19;103
4361;7;361
5421;13;36
8965;11;1
1548;2;43
3408;13;377
16436;46;384
21213;19;318
3358;8;322
23158;19;411
26658;80;316
12012;18;36
1856;2;316
7584;12;0
10812;21;380
4186;11;92
4080;7;326
9214;27;400
1602;4;361
2676;4;36
1777;3;422
1568;0;316
13442;19;345
3736;13;39
2740;5;332
2161;8;36
11991;9;36
20668;15;316
17929;77;319
17431;2;316
476;1;0
8953;19;15
4732;6;36
2134;0;126
30878;28;316
14256;48;318
19872;20;385
1882;8;373
7475;18;316
22162;55;36
8717;13;318
2991;16;316
31864;62;1
4040;11;0
3058;6;316
6755;19;354
7721;11;112
21998;64;36
5265;10;69
2439;7;318
3729;8;344
4732;4;57
7250;17;44
1840;1;33
7425;16;316
4043;2;373
5972;12;460
1637;3;81
1989;4;22
1204;3;330
5230;7;50
2115;5;373
13794;13;100
35359;29;384
6394;5;6
14692;3;41
15937;3;325
2954;4;36
13198;23;69
2487;3;361
1917;5;321
8556;15;7
39099;52;36
32290;9;316
7720;15;42
4479;10;12
5657;13;36
4322;10;36
18679;39;25
7062;9;0
13447;13;22
4865;7;0
4232;12;47
8812;11;11
32623;33;54
9712;29;0
8716;15;134
3959;6;346
24652;46;89
19193;8;0
5978;10;22
7008;21;0
4961;26;36
10184;30;316
4906;16;47
11206;24;316
1967;3;49
3119;4;129
2484;6;39
4399;13;126
3328;6;121
7222;14;38
20716;23;0
5109;8;7
2650;8;36
3558;2;0
1776;2;0
2439;8;34
1291;4;328
7722;27;12
5010;8;80
4164;13;395
1346;2;47
28749;11;316
9712;32;36
6810;8;7
8219;17;0
4083;12;61
9636;3;328
1620;2;336
6476;14;1
1025;2;316
6475;19;126
5231;11;361
3860;16;316
11718;37;319
8234;8;316
2550;19;61
30628;103;175
3545;8;341
3673;4;24
2990;6;2
4129;8;0
2130;5;354
10077;13;420
2309;3;317
5055;14;36
3546;6;0
8716;13;321
12202;10;331
3730;8;3
24158;33;45
77191;17;316
17431;32;316
1692;7;333
1430;3;22
1369;6;316
3140;12;333
19174;30;318
9214;35;0
1800;6;126
27889;96;36
30877;70;36
2491;5;379
15939;26;36
13919;37;14
7970;27;486
13696;7;316
21914;24;330
68507;93;45
9398;15;72
28138;14;498
33403;31;332
5103;14;429
3238;13;316
5479;10;446
14443;35;316
14866;17;408
3953;4;38
168823;40;0
17682;24;316
3412;13;141
5105;9;368
3630;9;30
5889;13;58
5977;11;410
5490;3;316
1836;4;22
2242;7;316
3173;1;69
3595;8;22
3973;10;318
6306;16;3
3487;5;7
27233;135;36
1865;4;55
9865;5;316
4418;13;383
2058;4;318
15190;25;316
1105;2;29
22909;19;353
9285;22;36
47571;26;406
8217;23;319
10908;41;316
4483;11;7
13794;36;22
2119;4;316
35369;15;316
6973;7;36
1346;0;36
2521;13;14
5747;9;36
11206;32;316
3813;10;318
15440;10;1
23897;82;22
2720;5;0
7041;19;41
17686;27;316
4976;25;320
17809;14;22
26644;58;62
3239;11;435
6973;19;107
10722;29;369
43825;249;316
9962;9;36
2805;5;7
3273;1;35
11456;24;342
10194;20;36
6478;10;51
5794;6;36
2576;5;330
1244;3;67
2334;4;32
16684;25;0
10425;19;47
6209;1;47
20396;25;361
2614;8;45
5728;12;80
4483;6;316
1953;4;101
11953;50;2
4473;25;75
2420;14;50
20419;53;316
16096;20;361
1793;1;93
11455;13;316
11954;26;80
11955;13;316
8762;13;420
4648;5;380
25150;72;0
20550;28;99
25861;15;36
6065;28;36
5772;7;414
6630;9;46
1822;0;2
2810;5;367
35443;27;316
15571;17;7
2755;14;328
5377;22;418
4799;22;151
5652;8;386
7222;17;316
7061;35;7
34363;22;366
8467;6;3
12451;36;36
9961;15;316
1994;2;38
4262;10;316
2350;10;316
13696;27;22
99812;56;316
15121;36;316
4638;5;2
10711;56;38
6973;9;378
6799;15;316
15835;87;36
84318;26;316
1548;3;406
23159;27;316
5951;8;7
6756;19;1
6735;17;74
8340;55;39
13629;5;361
22871;16;318
2740;4;406
9767;14;1
6407;28;118
6724;24;7
8218;12;40
3035;5;36
4981;13;326
5196;1;338
2491;4;316
5592;9;316
23158;36;316
45524;51;411
4606;6;7
2712;8;316
15691;39;36
19921;17;22
5479;6;316
3207;6;0
2926;4;36
2400;3;81
26644;64;98
9380;24;316
3157;12;0
16445;48;125
74278;33;385
11894;31;112
4090;17;316
22411;45;22
3990;9;373
11192;31;406
4252;10;388
4864;22;321
1449;4;316
14941;50;0
3681;12;78
15688;41;112
18010;55;316
15688;19;94
4199;13;17
52292;17;316
5367;12;36
2332;8;41
2194;7;318
1514;3;22
85408;38;361
11953;9;479
8206;10;316
45568;96;116
32371;72;61
5623;5;147
9859;45;388
84174;12;316
20761;17;330
5451;19;350
2708;11;345
4354;2;406
10985;18;316
748;7;316
8772;13;7
4484;20;316
11437;34;0
5866;13;406
9373;26;0
16788;63;335
20917;51;42
6226;8;4
5919;3;36
22823;28;316
7652;3;316
59158;330;36
4527;11;22
11206;56;95
12583;16;2
9230;21;428
51295;126;352
14692;27;67
11704;31;316
22660;64;316
6177;16;47
8219;7;316
7222;19;380
51046;150;2
9961;26;24
4018;7;82
1912;8;0
2394;3;332
10855;34;335
4026;11;403
3504;8;0
1448;3;0
1088;3;0
9701;27;316
2431;3;17
1812;3;0
12628;24;0
15937;33;22
26321;21;9
14186;14;349
18925;37;40
14942;17;0
2707;9;406
15937;34;316
7721;20;22
6335;33;316
13028;27;36
4003;5;4
9750;29;0
22008;32;632
49054;106;370
49111;66;361
7641;37;335
3344;9;102
13749;26;1
4359;10;373
5751;9;0
6234;14;316
1826;6;319
4487;8;3
6918;16;14
2031;10;316
4885;20;316
4982;5;101
6010;15;1
40837;26;316
164092;84;320
20419;51;361
3198;10;7
13198;17;36
2948;6;366
76834;17;0
1716;3;338
225347;48;361
5919;18;36
13529;52;405
1690;3;316
9712;16;47
17355;77;316
14941;13;59
8467;12;316
9072;21;0
8361;22;7
40339;27;330
3269;6;36
8712;14;316
7978;26;341
7273;25;36
16457;85;36
9592;57;0
17321;42;23
1758;8;91
14345;13;36
4719;12;22
5429;14;316
2773;6;371
13078;24;22
10186;21;22
291054;61;0
4270;13;369
5531;10;59
5246;5;36
15256;21;1
5479;12;5
41764;16;316
44821;49;373
27671;60;316
2553;3;126
12700;33;366
97254;75;161
8326;10;36
3088;3;36
6556;12;316
3159;7;384
22667;102;361
9446;23;36
3203;7;31
3736;4;406
7796;15;0
4298;20;14
42331;111;316
12356;14;0
5558;4;316
63509;23;316
237298;38;4
8624;22;316
6450;15;361
43825;46;64
4732;9;334
1115;3;361
7448;7;65
88519;149;324
3940;8;344
34327;5;316
22120;78;316
6226;15;411
2026;7;316
9479;28;44
3285;8;44
66982;117;10
12949;21;361
2572;4;418
10994;12;0
6226;23;42
11705;11;320
3723;9;316
11995;33;2
6382;32;321
8218;39;326
8678;18;47
2864;3;7
12775;14;36
5480;13;12
3485;15;399
26434;28;361
4687;10;420
7652;17;323
109313;189;46
59263;92;86
22660;24;36
4981;16;41
9712;11;374
7292;24;83
67480;65;36
3031;3;0
5019;11;316
8218;17;371
42476;26;316
3913;7;320
4235;4;418
8468;10;50
26779;45;352
6619;18;435
2037;1;2
5979;9;387
7222;44;36
3658;11;36
15740;25;2
21177;60;316
9214;20;335
58267;103;358
6057;30;316
2581;7;327
30628;41;324
31126;13;0
9712;23;316
13696;16;98
3834;14;22
32976;88;0
16130;21;36
1970;5;361
2952;8;64
8470;15;316
18427;25;36
9812;18;80
6917;15;0
3725;10;0
3893;5;316
13697;24;361
12593;37;87
17182;17;416
2717;9;63
1461;2;105
22341;35;316
4407;29;15
15439;47;376
3856;6;343
4694;24;338
10708;15;316
9284;18;316
25150;16;7
76444;31;328
32231;73;0
2338;8;423
2520;5;362
2751;1;361
16276;54;316
16921;103;22
13198;28;36
82669;45;30
18469;24;316
5230;12;367
17746;27;36
8341;20;70
9591;10;0
26136;15;316
12700;12;36
3076;9;22
4982;7;414
5245;0;47
1249;6;361
49054;130;36
3207;17;333
3873;5;45
5195;8;36
2623;9;352
5444;7;406
2585;4;1
2298;15;352
9678;47;22
5479;15;316
2601;4;361
27392;16;0
16684;11;333
20586;76;44
22660;108;115
2507;6;0
15688;24;426
11455;17;360
54781;81;36
28138;17;316
9764;23;4
4744;11;316
40092;82;316
3598;5;316
1966;1;316
2454;5;427
3736;11;316
2106;9;352
15439;59;36
5341;57;316
16684;14;36
3066;5;316
15190;34;316
19672;20;327
14443;35;363
39248;52;36
14301;49;36
4612;9;469
27640;36;7
235306;93;321
1807;5;361
14400;16;0
4531;6;81
27357;23;318
8716;12;58
30877;22;398
2578;8;417
16933;10;138
2901;6;316
6765;34;394
10175;20;316
4580;9;6
29383;49;36
2010;8;0
13643;9;316
6562;45;48
6428;5;341
7810;2;316
5017;12;36
1765;4;319
10319;18;324
6823;14;36
3865;5;380
9980;22;387
47832;73;25
4685;19;469
71464;57;316
7969;8;361
39868;44;405
34114;60;363
14941;31;41
5588;11;40
27640;59;338
4403;16;316
18676;27;361
2650;5;316
38154;57;394
20921;41;374
5924;4;318
37561;40;0
12018;38;358
36127;15;22
4183;4;398
12949;35;335
2006;6;316
21178;8;0
13066;34;39
10459;24;76
19921;14;321
7756;8;330
8272;17;408
4783;26;28
2952;17;12
7682;21;382
5820;7;316
21913;16;0
3828;7;36
2163;5;326
6205;11;47
3851;10;7
18427;30;460
6846;25;47
7222;20;316
8097;34;318
3249;9;386
13829;18;439
1478;0;45
1488;10;48
12368;32;333
65738;114;36
3806;6;316
8091;22;121
12476;7;316
6284;9;22
4484;16;333
5697;13;67
3275;18;45
19675;27;328
6475;9;374
3477;9;330
42077;55;387
19859;99;7
7270;16;36
13803;14;410
46813;127;45
8218;13;0
3574;3;429
5408;7;417
25897;4;361
94556;12;316
6121;8;0
2827;6;318
5479;12;7
2460;14;316
6219;24;316
16992;19;420
3413;4;73
80918;150;110
3654;15;367
25915;61;320
1741;4;378
53852;169;326
6096;20;420
4204;11;316
11580;49;0
18428;18;9
8574;6;91
14240;23;317
80039;43;316
16435;50;36
2977;10;375
5486;1;0
3847;15;356
3874;17;7
1932;5;27
1993;2;406
18342;8;341
23336;50;318
2277;2;406
5583;6;65
1917;6;316
6703;23;316
36131;40;36
15652;41;22
9169;8;342
1456;2;379
5764;20;316
3329;9;0
17183;19;111
8321;36;31
2246;2;0
5745;15;316
4825;12;431
128332;36;316
13447;53;58
16684;18;330
5357;22;337
2740;11;2
11704;18;343
17190;34;34
16684;19;66
286;0;22
3419;10;316
1614;4;22
1246;2;338
10957;31;407
15148;20;328
30379;57;143
30629;46;65
5977;14;36
79595;16;0
1987;11;11
18085;48;316
8569;5;0
1110;1;22
6316;20;72
2860;9;34
12451;35;316
6883;26;328
8716;35;316
4165;8;31
8218;12;36
70717;7;0
9603;4;0
8505;7;316
2566;5;0
3425;8;375
6519;11;10
2337;3;11
18427;30;336
12283;29;61
20729;23;2
19674;101;393
6664;10;0
19451;62;317
61710;37;361
21418;32;316
3248;8;316
1092;3;103
38845;53;342
11206;63;316
55781;90;406
4058;11;18
13859;33;0
3677;5;0
11974;25;88
15316;10;347
3984;5;361
31127;22;361
9198;18;36
7477;8;322
74452;229;336
109561;50;325
7222;11;0
111555;63;316
3972;6;88
3723;6;0
17183;22;368
43078;72;361
12932;12;436
21089;29;316
21166;67;7
5076;8;325
6702;17;447
9550;26;39
23158;46;406
11043;23;1
4310;10;356
5318;25;85
37351;42;94
32869;19;0
3519;13;36
16525;10;0
47809;108;316
20806;38;318
52541;121;418
2237;5;10
24082;25;26
36853;59;95
7066;13;36
3160;7;316
3919;3;0
3487;4;492
66983;70;363
5226;9;316
19454;94;36
8965;14;118
4470;2;316
19360;11;361
6046;18;0
6699;26;411
6608;13;4
158614;65;0
4693;4;346
10708;39;20
2740;12;320
15937;64;53
7178;29;41
39489;31;419
28664;95;42
4647;8;371
44074;37;82
59491;63;439
17537;36;36
10342;32;22
13155;20;321
6232;7;373
4438;3;36
1727;6;316
5775;10;51
7122;12;378
42581;47;316
99204;27;0
3885;17;316
7347;12;48
5347;20;321
5479;15;328
9961;15;330
23131;22;107
3407;6;58
3562;5;31
9712;25;7
67233;47;49
4595;8;330
9814;9;316
13945;42;316
142927;45;0
4988;15;322
14117;21;354
6062;7;0
7832;9;318
65488;207;69
8642;11;7
2723;9;328
3534;12;18
32908;49;141
51077;41;326
3462;11;0
30379;103;22
5352;16;93
45319;56;36
16621;76;22
12451;20;679
33118;37;22
47017;57;316
19808;30;98
157867;86;316
39614;42;338
9584;16;352
9463;18;341
40588;33;316
27353;64;22
9516;48;380
55819;121;53
3295;10;46
7397;22;0
3452;7;138
147592;56;0
5081;23;58
7568;14;375
30628;25;420
28138;35;367
2609;5;325
13094;21;2
46442;123;1
44572;32;341
15688;8;316
21415;53;36
7222;19;104
6403;10;328
9417;7;115
9565;4;1
3247;12;10
1890;8;7
13696;34;10
9712;33;46
30629;46;36
15596;31;327
10481;25;0
4483;11;36
4234;8;326
41335;47;316
68227;282;99
3540;8;316
6215;10;361
34363;51;361
2686;10;57
14257;41;36
3579;9;424
41596;32;316
4661;15;48
12313;26;360
43576;22;379
9961;20;316
6476;16;355
4986;27;322
24078;73;173
8470;19;22
28885;20;316
3448;5;36
14255;64;36
3407;12;316
13853;24;10
3892;10;323
11705;48;36
15190;41;36
3134;3;36
19156;30;370
12451;30;4
11464;24;411
12700;23;371
1332;1;361
10210;27;51
13447;53;349
60508;104;456
133567;67;425
11704;37;67
9903;15;53
7839;48;24
8207;20;65
23033;28;334
15190;51;332
13176;11;0
9070;49;316
20170;62;321
22910;42;0
4568;21;36
5479;17;363
3383;15;43
43078;85;45
49801;126;36
4502;13;22
8384;33;61
26395;42;316
2498;11;367
31626;18;325
1773;8;325
11489;15;90
3828;17;316
29632;21;0
62003;43;389
8141;10;33
21415;75;316
20764;25;375
4503;10;316
6475;8;406
2428;6;59
11206;33;414
4166;8;0
3894;19;36
8470;37;36
25615;70;349
1765;5;378
4313;4;316
5854;9;2
13198;71;36
5808;13;15
178286;208;36
3608;16;338
20151;69;46
18676;176;48
7208;24;36
12202;37;72
3194;16;4
7681;13;316
7306;33;421
25362;27;344
7224;19;374
11954;96;27
8965;33;359
4732;12;115
5916;25;116
3462;5;36
6819;24;335
2817;13;339
5728;9;316
16171;41;316
3250;7;0
5832;5;0
3957;6;0
4234;15;0
10708;26;0
3286;5;321
11206;26;62
6206;14;463
3487;3;45
27391;61;81
46815;17;321
3960;17;316
3099;6;444
3103;11;6
2833;7;316
7658;31;36
20549;13;316
12700;27;316
4927;13;36
6804;8;22
26146;34;385
8147;8;316
42599;43;354
8965;19;316
2654;0;33
3459;4;8
34443;13;22
192976;343;22
10514;19;392
3582;12;371
5515;9;365
24652;5;327
3569;7;316
3983;5;421
18405;46;67
13040;51;3
18676;22;382
10985;39;36
15593;28;67
16536;39;362
14194;27;122
5088;11;377
39102;34;316
4378;27;316
10459;50;320
20917;26;316
13542;26;36
16684;52;2
4505;11;30
4950;20;31
5189;10;362
2250;5;70
66235;302;48
8467;19;435
7840;14;69
5886;28;36
41086;60;0
2378;7;316
1350;13;316
1632;3;316
2730;5;4
70220;104;36
3814;9;411
1786;6;363
2808;5;316
15270;32;406
4337;5;55
12700;10;340
21709;46;69
1856;8;316
3736;6;10
4112;12;426
8687;26;152
3985;12;7
9465;4;134
45070;19;1
7985;19;316
2236;0;316
11153;25;316
183514;201;126
7266;10;330
23905;8;52
7080;13;0
15442;31;316
4309;22;316
8218;24;75
3689;13;130
27142;27;0
3889;21;371
13181;10;4
6281;8;321
12095;50;36
3134;9;22
10207;23;406
19323;30;316
24403;56;46
8216;14;0
2109;14;390
24688;9;316
1538;2;36
4344;11;36
14445;34;71
15439;18;316
4233;7;376
4056;11;316
3287;10;316
11577;33;0
286849;351;341
1956;3;2
3487;11;316
30130;137;42
15937;71;65
2488;11;338
41874;106;329
8559;10;345
7222;33;352
25399;57;55
113794;41;429
46566;78;24
17509;20;83
17280;25;418
101593;56;316
17561;40;85
5977;6;4
19422;32;96
5419;22;0
14692;29;316
12701;23;316
5496;12;45
5609;11;48
31376;41;36
8716;25;390
15317;10;325
31875;60;22
5931;22;71
5479;16;316
55778;77;36
7023;4;36
11542;43;316
16198;39;439
11796;56;36
4626;12;428
56026;26;112
7471;20;0
7302;9;5
12202;27;10
2681;6;56
21914;30;316
3694;17;316
1074;2;22
15937;15;11
10325;53;58
23656;40;57
9250;14;45
1314;6;316
18007;50;332
4368;22;320
3194;19;53
569;2;316
1969;3;316
11317;15;0
28885;62;353
4234;11;364
22035;20;320
5383;15;370
5840;4;1
56775;49;406
14804;32;10
13990;17;134
2480;14;0
10741;8;1
99014;40;316
6184;10;362
13447;30;316
13837;31;406
158864;307;65
6692;21;457
12949;10;109
3207;7;328
7428;27;316
5920;3;316
8469;14;347
43769;51;1
2024;6;336
1479;4;316
11822;22;316
1086;4;316
21913;39;41
5002;11;377
13448;10;29
41335;135;365
5633;23;0
4116;6;328
4223;6;327
58516;59;399
9570;6;316
4278;16;46
23407;15;81
5413;6;0
17182;18;411
15366;27;416
39095;48;131
13447;49;201
14942;41;0
59512;82;51
40018;20;335
7129;19;316
9703;76;22
2501;2;342
18925;87;316
3430;5;325
5901;22;41
8977;22;316
14194;34;51
8966;21;374
13447;51;324
4301;9;54
22660;70;47
12700;7;38
8625;19;22
1747;6;36
24403;60;316
4822;6;0
3315;6;0
9214;37;25
16933;21;41
11719;8;10
32359;22;69
1357;3;316
7722;5;10
17183;30;322
5162;9;369
2392;7;316
10730;40;361
13831;52;338
2740;3;316
4096;8;55
10565;12;316
33616;40;423
17930;97;316
9266;18;354
16933;13;316
38219;63;33
37711;33;388
3089;1;112
6974;12;36
2686;7;86
2167;5;316
2616;8;318
5663;11;330
8966;11;36
67766;22;443
2825;11;357
46813;15;316
16927;43;22
7862;7;316
7055;18;36
65193;37;55
3745;9;375
3227;10;316
13388;15;330
34788;43;36
6724;5;328
18676;37;316
2674;6;370
59926;41;344
4423;2;408
50299;54;408
6231;9;50
9912;17;0
1771;8;452
17431;17;160
5803;18;36
66484;32;339
8717;30;54
109312;219;321
283861;108;479
29632;28;47
38596;38;408
3236;7;67
18925;47;328
3938;6;316
8219;20;36
2829;10;36
7480;12;361
28138;21;380
4234;9;118
14941;58;316
33616;102;22
33617;40;316
3204;12;65
9961;14;380
5397;6;361
6475;9;36
2874;4;41
9697;26;317
13836;49;36
2892;5;74
14537;35;316
21309;9;425
19073;21;319
5350;13;90
12318;18;10
23947;37;0
26103;40;316
5872;23;53
9811;42;316
20543;21;316
28130;74;316
35251;79;328
5730;19;36
3553;10;386
6724;16;349
7969;14;86
13683;13;316
3136;11;36
9534;29;33
6398;6;0
13696;122;36
7061;32;316
19884;170;36
34114;70;388
6175;39;338
13447;31;316
64990;76;416
59662;71;428
6291;10;346
25150;17;316
24116;23;0
6223;10;95
56525;65;330
2242;2;4
115039;36;441
22909;167;36
7471;26;64
6475;14;316
12394;35;0
4219;17;36
32371;47;334
34028;30;316
2180;4;22
3691;8;316
1348;3;366
7434;22;36
8789;25;10
5831;7;316
3093;4;26
9006;28;22
2107;8;321
19196;56;349
8702;25;36
2802;11;36
5709;6;36
4947;10;0
30379;101;319
1901;5;316
16566;29;124
4761;19;27
5910;12;316
16361;43;651
172309;70;412
3897;4;316
4569;18;344
3799;9;372
1505;7;316
2325;2;316
7193;17;22
15535;8;316
100099;141;410
3856;10;361
8479;29;316
26147;19;330
1759;6;431
61986;41;353
20420;63;461
2275;11;0
33865;97;316
9961;25;140
13198;22;336
62002;106;1
145168;147;383
3848;10;27
10537;22;316
4394;6;36
9315;19;317
9305;18;320
48028;53;39
7230;15;318
49697;47;318
14825;35;455
7420;34;0
20170;80;328
10708;25;318
33367;47;345
10708;27;69
11370;39;325
8214;8;316
10167;42;351
19921;25;317
5230;11;322
8328;31;36
70964;215;322
8161;30;330
21221;131;14
5230;11;36
754;2;322
6374;27;36
20008;91;10
23090;89;61
10058;19;316
8365;29;319
3222;8;36
5087;9;353
9514;20;37
7384;28;39
7031;4;316
7222;15;185
4234;20;7
3187;20;58
8113;33;325
6634;12;341
54784;115;330
2309;9;318
25109;72;53
24901;60;73
81922;158;362
4661;16;316
5403;4;38
5472;16;349
19331;38;36
3110;8;189
7307;21;319
59628;108;378
2755;12;316
27642;40;47
14412;48;25
5430;25;349
9572;33;361
9463;24;36
49038;151;324
5039;35;320
14693;33;316
1848;5;10
2542;5;316
13846;23;316
1687;4;23
1340;5;37
6798;11;61
7720;19;83
3451;4;438
2104;1;36
119524;488;12
657361;439;398
21913;36;361
2491;5;386
3238;1;95
5230;22;36
13240;49;414
7969;14;455
12451;30;22
6158;7;80
3487;8;80
9712;15;330
6587;17;10
5824;22;316
6286;6;316
7720;21;45
555;2;36
13697;27;353
2920;18;316
13696;10;44
5369;21;0
3730;11;52
10279;23;0
6724;28;7
29632;68;22
9961;20;139
208914;132;338
20917;26;394
3119;9;316
3973;8;23
4483;12;4
2561;4;4
55629;38;361
6571;22;4
36928;122;531
10957;23;316
7903;15;366
12581;74;22
7223;16;46
11375;22;360
23407;53;381
6845;39;36
44572;83;316
7969;16;409
21458;153;22
5230;16;36
3238;7;335
8106;39;379
6726;12;320
4226;16;316
50548;84;439
5601;34;316
9002;36;0
8430;21;97
3432;7;22
28643;81;341
3604;20;402
8654;17;335
14443;37;0
10211;33;4
6526;14;323
11296;37;316
19672;13;36
13722;8;361
1372;1;22
4811;18;34
8825;6;0
6957;13;36
36670;93;394
20992;21;360
10211;17;362
9681;13;316
8965;23;53
3042;20;367
19672;76;43
23881;57;316
16469;28;0
6974;26;36
2754;17;316
1659;10;38
5680;14;316
16914;15;25
37600;113;7
5662;12;106
4893;10;90
11953;23;36
114043;397;87
4968;9;331
46174;142;10
3384;15;36
5556;17;49
73603;183;0
7131;16;338
12700;54;46
39668;74;434
16684;20;110
3989;8;160
4981;4;157
104961;95;4
8026;31;97
1439;6;0
2668;9;0
4605;11;365
15439;35;338
14169;78;316
13063;31;1
78187;181;316
5767;28;381
1598;2;4
8716;26;149
2116;2;36
23158;12;39
6131;21;36
5072;9;16
9436;19;349
24655;49;13
5903;14;82
17915;19;395
5389;7;316
8185;9;321
11373;11;341
4498;11;40
14614;32;40
6442;21;316
11461;23;448
6315;9;316
5941;13;316
3630;8;36
28386;12;316
30214;34;325
11844;23;78
11207;11;380
2374;5;81
25648;30;364
21994;26;36
21914;51;123
15439;24;11
10491;19;55
3432;13;40
7933;11;361
6662;10;329
5977;13;37
17680;59;316
3172;14;22
29384;46;36
4994;27;178
45568;59;471
4770;23;97
6990;18;316
7814;34;3
9263;23;0
5130;10;394
294568;379;316
5325;15;120
72460;51;323
3597;10;32
21415;18;36
9214;11;326
4981;16;49
2243;4;316
5692;17;316
2963;10;316
6037;21;338
9712;16;406
5313;14;55
3435;6;68
3697;5;424
1732;0;7
3707;3;4
12949;16;316
21664;39;443
2613;12;55
4483;6;4
9324;39;446
11206;34;316
31127;76;14
13198;47;45
4105;8;8
9904;23;318
11923;17;415
2982;9;316
15600;33;0
67231;28;463
38347;222;316
24653;39;333
30379;28;375
11107;19;365
7025;8;5
75199;33;316
50552;109;316
7116;14;375
1519;3;316
12703;19;9
24901;44;52
82171;154;37
31873;65;316
3259;7;316
4849;11;389
5028;8;68
11704;33;316
17182;20;330
16186;38;80
21913;57;390
7565;17;0
7869;25;0
64000;37;36
10957;10;55
3872;8;451
1782;8;62
21822;29;339
14194;34;4
2365;4;36
5977;10;42
12701;15;316
14738;40;34
7031;9;326
8717;12;321
2862;6;321
64990;171;39
9692;13;370
49054;203;0
48307;44;81
3772;20;36
11290;65;146
6522;16;54
4154;8;49
8487;14;321
10957;32;316
15688;56;16
11097;16;48
10247;17;316
12914;14;316
45320;15;316
19673;34;321
23160;81;88
2813;4;316
20419;56;68
3546;4;320
1977;7;54
16933;74;121
21665;6;316
12700;30;49
1597;6;118
1580;5;133
5418;4;133
4550;14;316
7969;38;364
19673;32;126
3105;11;316
3551;8;361
3496;11;344
5404;14;44
33865;37;484
5910;11;385
4732;9;36
5319;14;413
2434;5;406
9366;24;56
1584;7;414
6800;12;316
5073;27;38
4682;18;319
2405;5;55
6279;81;406
27143;48;333
7084;22;325
28598;23;326
4834;21;109
9585;30;354
19619;6;316
11825;25;22
137627;75;429
23083;79;14
3556;8;9
29881;22;316
4258;10;459
38756;56;322
27458;55;38
15389;18;330
14692;28;360
12886;51;36
46066;126;41
4877;8;365
8841;17;316
8467;12;398
20668;49;316
2872;9;106
6884;8;3
2199;9;161
104648;233;320
12949;40;80
18905;37;342
11953;15;318
6477;10;320
11953;25;316
13189;24;38
11206;16;316
11455;22;316
9888;16;322
51046;73;0
4808;7;2
4115;18;326
13692;22;45
16049;32;321
5230;11;316
4175;11;330
43825;38;48
18676;36;316
34320;76;22
12994;14;55
2169;3;0
7550;10;144
20671;23;415
2987;11;316
28658;35;356
3985;8;316
7679;11;22
25399;53;45
2114;2;62
3924;10;49
3354;6;12
21250;9;330
7476;15;353
3627;16;328
15439;38;459
3527;11;316
31614;38;316
5073;12;55
2548;9;13
3683;9;316
4483;7;17
1749;4;10
52540;98;397
8284;36;4
4646;13;113
18909;40;80
6765;9;49
14273;29;49
2965;12;1
54781;164;36
7541;15;341
17911;8;71
32112;55;316
5495;16;361
12700;7;417
1264;0;316
4483;9;389
23710;66;386
7721;8;154
13084;18;430
3490;20;316
19248;28;36
5272;16;62
5255;17;2
15143;56;61
17182;32;361
6075;10;657
19026;28;0
3769;14;316
13802;22;410
4371;13;36
7972;17;361
2780;2;361
16133;12;316
18179;64;384
3985;6;316
4981;7;4
3080;12;345
6700;9;0
5077;7;36
8272;13;410
35608;51;42
10951;20;323
15018;25;51
128983;391;328
5125;20;370
27641;81;316
6479;11;7
4838;8;316
21881;30;316
24652;20;316
10957;23;50
6226;0;319
4772;12;72
41591;60;46
4744;13;445
6503;23;22
2230;6;36
5653;25;316
13559;34;347
8716;26;45
2292;6;392
10459;32;316
6475;17;413
10460;36;369
20288;58;316
138943;46;365
1930;7;50
42951;82;116
2262;9;316
23038;58;418
14194;30;330
17185;44;316
40454;89;81
11733;26;361
9254;33;126
2907;10;321
20791;33;323
17165;13;36
46564;15;372
11443;18;320
2193;2;320
37384;28;316
5021;6;316
1517;1;36
318970;208;334
2138;2;37
7671;25;3
1745;4;316
1665;2;36
39119;82;433
15688;35;0
8361;16;411
15167;26;430
2340;12;425
6921;9;443
10957;25;408
5479;12;337
8878;1;321
55076;14;316
14195;8;335
36492;46;368
18146;83;316
11768;20;316
10939;11;317
24403;46;327
10017;16;167
7578;20;53
71971;57;360
4953;18;316
11768;43;14
27889;16;368
15439;37;320
11206;34;45
20819;70;28
65488;44;356
4344;10;35
35857;79;22
5207;8;406
4261;11;343
23284;50;25
13945;19;376
6226;12;418
3937;9;26
4280;11;316
3660;5;399
14973;30;36
10737;12;422
3991;12;331
5550;16;109
4569;7;36
16139;21;48
12245;18;326
8467;35;406
36832;58;454
7969;30;335
6215;22;351
72958;48;406
53741;148;93
21685;42;66
5566;14;341
1984;5;316
7223;10;316
8953;27;153
3564;10;0
61082;39;413
6316;13;377
13945;31;7
7970;26;41
6944;9;409
18543;24;366
18179;19;36
18677;52;361
35112;237;60
4051;17;384
5977;11;1
2731;7;365
5661;9;415
2840;6;115
7970;8;80
2795;3;316
12202;27;316
2408;6;36
4484;5;316
16436;39;70
10708;17;320
6313;10;316
4498;17;418
59014;50;36
13338;26;178
19174;35;409
5854;6;144
5500;10;316
7032;9;316
3891;10;65
16036;29;100
6226;22;27
1505;3;350
6974;8;0
5159;17;352
18925;31;316
4981;12;22
10086;18;0
4274;12;78
2002;2;53
10313;18;323
10730;13;469
16437;20;316
4117;15;36
2520;8;226
13950;23;36
1874;6;45
8461;17;87
26860;25;100
4680;17;434
44037;53;415
16851;65;27
59479;156;90
4634;8;349
48059;50;439
2485;3;56
14631;46;43
8218;14;341
13590;44;0
10147;48;26
4432;2;0
6861;12;64
23407;45;17
3819;16;316
17934;62;60
17322;60;56
4234;8;341
69058;258;9
1318;2;0
13449;46;61
7680;11;458
2492;5;0
57521;91;316
2097;2;406
24154;21;152
1110;4;10
12700;22;321
8820;46;36
10279;14;321
38099;116;41
2949;4;126
20419;24;88
42829;133;316
36107;40;36
31904;40;44
7065;8;41
29134;73;119
1172;3;43
72685;147;316
41833;46;87
8757;15;406
3762;11;316
3380;12;463
15475;30;410
25920;42;352
18925;29;427
20328;31;316
4743;12;22
28521;26;316
6080;27;316
40090;149;22
4513;7;423
5545;17;99
63810;338;0
5603;13;1
20980;19;341
6436;19;5
6808;20;55
6226;18;100
51295;44;361
13955;26;361
13198;21;316
4883;13;36
6211;8;25
15489;74;22
24262;28;418
7719;11;361
23071;119;126
4733;11;316
9934;20;346
39366;25;27
25969;43;377
3304;7;22
42331;124;53
6995;9;69
13696;44;22
4836;10;36
5965;24;4
5977;6;368
10888;16;330
63731;219;433
2023;5;22
22411;39;316
21913;59;399
5599;40;1
10318;15;319
19773;17;386
61255;54;323
7222;38;41
9532;9;386
47325;44;361
29134;63;346
4499;4;388
2651;7;341
3691;9;316
15688;47;67
62773;27;102
5703;8;316
6245;7;53
6226;30;45
111553;277;109
29881;79;321
12663;26;24
12858;40;22
40962;111;56
22147;18;117
14821;14;326
7788;18;49
2172;5;376
6396;19;36
6706;17;1
29201;169;316
34109;196;70
13406;27;142
72822;46;386
13061;28;370
2379;5;326
9712;29;165
7025;15;330
1908;5;320
1640;2;320
1668;3;15
6805;17;0
6826;17;45
6590;26;316
7716;9;22
8664;28;22
5057;26;75
6907;2;361
17455;14;316
3742;14;36
4512;13;36
11309;47;316
4772;16;349
1074;3;0
6831;22;130
42082;67;316
39344;58;370
1244;7;335
3012;17;356
20170;63;316
45568;96;397
2534;5;342
28886;44;338
3898;5;427
5837;28;318
80179;201;316
4583;10;28
10459;24;316
29882;27;316
7405;35;316
38248;180;129
11351;62;316
7486;38;358
2740;9;36
19814;46;420
7949;26;376
4705;2;33
131474;302;149
37849;40;494
2189;4;22
14386;21;356
16105;30;360
17824;75;11
6819;20;49
13917;46;37
14775;52;121
24901;26;173
4413;4;316
24549;41;316
13292;19;22
31873;103;316
3197;6;321
2284;0;418
8218;15;8
3016;9;458
58267;212;22
11704;32;327
20668;67;316
2216;2;321
4944;15;321
10842;23;61
11905;22;335
75087;68;22
7947;14;316
9712;31;69
6973;4;2
7720;22;434
34230;33;316
2810;7;423
10383;25;10
3314;6;316
5459;16;46
1853;8;22
2242;10;327
5859;18;316
3156;7;57
3738;11;12
5120;15;100
4798;10;647
44822;145;326
10934;20;324
18427;20;10
5727;15;10
1912;5;55
6941;21;1
1966;2;1
10957;52;42
6974;13;54
6523;11;53
2990;3;397
3676;5;389
3914;13;10
1428;3;10
7102;33;91
7926;91;362
9628;24;394
2773;3;316
6827;36;88
2147;5;5
14286;116;116
2932;8;324
8223;17;22
11654;15;316
11830;84;22
7720;32;29
2724;12;385
4061;6;56
3280;9;335
6348;28;318
5101;12;7
4640;6;41
31873;59;54
5810;18;45
504476;2428;43
2901;7;357
4732;10;316
1813;5;4
15937;59;22
4744;24;15
4597;10;55
69722;71;339
3867;8;10
4235;11;10
1744;0;359
6166;12;454
34612;95;116
18178;50;321
4483;9;398
33182;73;325
9158;28;10
2105;0;36
19606;66;316
11456;28;349
9689;14;443
38098;86;57
6683;37;26
15435;26;338
39990;25;499
4997;17;26
2989;14;446
22355;71;316
5559;15;1
94621;389;366
2153;4;316
9500;13;60
19174;65;316
12752;33;36
3736;5;321
1645;1;414
2219;3;157
4907;20;361
13696;19;25
19869;47;362
4986;12;321
2869;11;316
13343;12;22
4389;2;22
32870;25;323
13447;14;22
4977;8;427
35858;71;321
3025;5;4
11592;34;112
2037;4;36
8721;7;316
10982;12;335
97367;50;406
5967;8;389
127653;293;343
16186;50;10
17959;22;2
8102;28;103
6425;17;36
7037;21;326
7042;11;328
12067;45;13
54781;272;316
5307;13;340
1232;4;318
14194;27;366
8723;17;446
23044;31;415
5529;13;369
3469;6;361
1674;5;48
8475;24;62
4746;5;328
33367;23;321
13447;27;22
8965;34;104
16043;25;328
4904;8;138
19672;54;423
13835;10;386
35509;113;365
15296;38;398
8218;24;361
6724;22;316
32296;69;371
6239;11;69
9712;34;324
3752;4;81
2500;0;380
63745;17;316
2003;12;366
3410;2;385
22909;22;352
10210;52;358
3238;17;316
3596;11;316
16736;7;316
24923;49;320
2227;1;380
37102;126;119
5496;7;395
2731;5;455
7290;18;36
2268;5;189
57246;38;447
13300;34;36
25648;16;380
10954;16;316
9173;14;316
3188;7;316
5018;8;363
2867;6;316
3828;16;36
2590;4;353
22414;34;15
18247;46;20
43327;44;317
3751;10;316
23191;47;36
5281;12;366
12570;11;489
11455;18;316
10670;33;316
22912;115;320
3680;7;43
71215;112;370
12171;11;36
49552;151;2
11784;25;361
5860;10;4
2928;4;55
3148;4;380
2516;5;346
2859;8;373
6974;8;66
2230;5;423
9375;28;316
10709;30;391
8542;2;316
28894;76;0
21166;59;361
1993;2;379
7049;18;409
41833;67;27
59512;54;443
11625;30;97
128734;95;316
24884;67;0
6632;9;416
33865;147;36
12949;15;41
62832;166;36
114790;67;316
11109;24;172
21415;40;409
9214;7;316
18412;10;370
2714;9;386
16325;34;36
48577;84;433
36856;53;81
75448;245;53
4587;17;36
9134;15;408
3487;11;337
19503;18;380
5226;16;10
2661;12;434
3778;8;67
4642;9;67
6029;15;55
2990;3;397
6094;7;316
3599;8;17
35380;40;316
13447;25;325
2811;6;116
17182;41;341
6700;6;361
3527;7;373
14551;44;22
3453;3;316
6132;20;36
40561;39;464
7282;21;46
9443;40;22
2185;0;30
15915;19;15
8160;22;41
4848;26;335
2367;12;344
3350;10;0
5126;8;316
93147;214;36
12820;29;0
5732;8;22
6880;18;1
33118;53;361
37351;99;330
6973;32;7
4761;12;416
181150;222;316
6273;8;330
6875;9;422
4843;5;473
15937;16;316
2191;12;361
22899;23;394
138431;30;434
32122;46;394
7038;9;316
4732;7;62
24165;18;316
5964;15;36
6026;8;36
32697;14;345
6724;0;316
49018;111;406
9463;32;337
6482;29;316
2980;5;319
55155;57;22
25039;62;409
1903;4;363
7720;23;357
30591;62;2
2265;5;361
4121;7;60
15362;13;364
2086;0;316
3182;10;0
6034;21;316
7986;17;43
3872;5;394
13721;38;36
11461;35;0
4411;22;421
19762;42;41
16979;77;316
61504;91;323
28231;67;331
19921;59;38
41335;33;333
3952;11;408
8218;43;73
7565;29;36
35857;73;316
82669;102;379
75967;134;442
20917;74;2
26334;22;349
1468;1;316
39080;14;425
7721;6;316
114878;105;411
9599;10;49
11641;13;353
1216;1;68
26137;41;484
9961;36;4
3894;5;404
29134;62;7
187996;104;436
7807;19;427
4260;14;344
4278;5;361
4260;11;408
6568;27;323
10832;13;316
14194;30;420
39956;31;379
34400;21;0
48163;56;0
37999;31;0
130477;226;0
9463;12;411
6730;24;393
5986;14;1
16684;44;316
3152;11;11
1582;4;352
1788;1;352
28385;71;394
209909;331;36
13136;19;362
27887;15;677
27640;24;458
44572;64;118
4264;13;316
16137;11;369
10903;12;7
69910;49;0
7195;28;392
24271;35;0
9630;21;326
68487;98;397
3111;10;0
125498;39;70
2120;8;66
3736;11;344
4981;14;316
5569;13;95
4980;13;406
21166;45;353
5635;24;321
21816;23;10
3736;12;322
32812;19;10
26107;44;10
2842;3;25
13981;9;477
3154;3;458
60100;56;44
55402;131;31
32372;61;316
8083;33;319
13988;23;349
20668;10;479
28667;46;45
10527;48;36
15688;17;384
4282;5;47
12489;53;321
8525;20;338
2740;4;102
1827;2;316
6285;21;67
21630;78;11
7482;17;418
6785;4;341
7207;19;431
94622;69;406
10044;13;350
4120;9;90
81112;50;418
20419;15;411
28454;126;316
35180;42;378
197535;40;406
1742;14;47
132426;221;492
5355;5;337
51734;36;435
2236;14;316
31006;35;458
11141;32;70
5977;13;111
13438;25;0
4066;13;45
1672;11;81
11207;14;434
29134;70;316
10286;16;69
15977;25;0
8054;11;370
7916;23;39
11421;21;22
9713;27;335
2484;6;316
8859;13;406
12700;28;0
5136;13;316
7720;17;48
16314;39;316
5272;12;46
13198;19;350
25647;99;316
13970;20;316
16913;26;392
52291;277;316
25150;28;20
13447;30;349
54287;33;320
7501;6;30
1275;1;361
46175;113;9
3636;4;11
43327;107;361
1693;1;353
3422;5;36
7969;9;316
5979;12;201
6343;24;57
3832;8;0
4585;9;316
8430;19;316
42580;43;317
11704;20;36
4864;13;31
8061;16;0
11225;9;514
7414;13;361
4276;12;12
23448;44;465
8161;7;352
16626;18;22
3216;7;349
26068;139;36
4387;5;335
5917;42;7
5314;16;0
6150;10;84
3553;3;120
12481;26;0
2441;4;0
3854;7;0
10533;26;316
19017;60;2
9234;9;349
3271;3;36
32122;89;22
6258;22;388
7720;32;366
8695;24;817
3580;4;448
4488;3;65
7859;7;316
4836;10;387
15190;38;110
82920;104;324
4157;6;316
20467;26;316
1538;3;316
8497;12;59
12765;23;41
27839;22;31
2492;4;321
3948;5;438
16999;28;368
2415;3;36
9307;27;316
5221;8;361
7829;14;129
17478;34;31
5393;6;0
16161;13;10
56092;37;316
6475;4;28
21018;18;325
26644;46;138
11704;7;333
4704;13;333
3670;9;381
3011;5;316
97360;136;38
5931;12;316
24403;64;89
69103;91;0
17348;20;352
3452;13;81
20761;27;394
5998;6;361
38513;165;41
20479;41;84
8966;22;406
19560;47;317
32677;18;73
154381;65;436
9098;12;346
2504;2;361
65057;34;321
6178;9;127
33782;35;450
3621;10;2
21741;33;42
3740;5;316
306520;154;406
10957;25;316
4146;4;140
1067;0;316
37600;42;335
17159;53;73
26644;29;384
6724;11;50
4672;8;325
5399;8;0
156622;262;36
4963;3;316
55821;277;316
24404;120;0
4735;6;0
3154;4;316
8285;20;36
22411;20;2
4981;7;415
80927;146;21
10436;20;154
4999;4;316
19923;87;352
2482;15;316
28139;54;325
1699;5;36
183763;162;431
11332;21;316
59017;157;147
35843;69;10
13696;19;457
2479;9;316
12949;19;349
9108;15;135
8965;12;129
7181;6;443
5703;7;361
14471;12;408
34549;60;126
18826;37;382
4918;9;391
1428;0;56
5619;9;466
17431;19;427
1347;3;22
53785;27;356
5630;3;380
6887;12;326
22162;59;22
7071;11;316
33367;45;316
4329;9;38
4172;7;316
4538;10;29
1722;2;24
4072;8;316
6475;19;316
77938;125;86
9098;20;0
26396;29;316
2893;7;347
27889;62;0
10210;18;80
6038;7;321
4506;5;316
4013;8;328
13452;31;316
20668;35;373
13696;14;321
6304;18;316
16619;48;473
7117;9;0
10459;10;438
7431;6;316
3985;7;329
3131;5;39
5958;11;316
29838;42;22
4388;11;137
25478;53;22
5728;12;25
8075;21;321
31763;26;388
30904;22;424
36195;124;23
3672;22;0
129481;37;366
2139;0;53
5661;13;316
70219;154;316
6475;35;2
50050;77;361
6973;6;327
24903;67;444
5028;5;2
2607;3;316
70966;62;374
6368;14;49
4217;11;8
3239;3;57
2161;2;340
6461;14;361
6775;13;56
3839;16;12
6080;20;325
4012;18;7
5068;4;399
11502;24;0
2724;2;36
4424;6;99
4850;10;316
1993;4;155
81673;50;108
16436;31;316
20668;38;22
11147;19;0
8055;13;411
6344;14;45
3095;6;36
7222;20;363
35956;28;335
5930;7;321
11704;10;327
11974;34;349
107468;18;327
30466;43;407
24385;39;406
13448;20;22
26257;27;81
10970;4;316
9468;10;394
13696;8;318
74207;100;370
23158;30;316
590131;219;24
210407;114;321
8465;20;45
4907;9;36
8677;18;26
36679;31;17
5504;14;11
10614;24;19
9272;26;316
26894;23;321
5610;8;316
11953;21;9
29632;24;335
6638;23;0
18179;16;316
15307;60;10
3733;10;340
2766;1;460
15771;27;0
5678;3;316
31126;21;316
5501;23;4
28137;83;316
1971;3;338
25399;40;0
9120;28;49
69223;68;316
10146;50;40
17183;24;325
2612;5;415
22660;31;67
55350;158;46
14697;26;316
7541;8;316
2771;9;316
23380;36;10
42580;41;370
4919;9;110
6209;5;47
6226;12;0
1568;5;0
12485;36;66
11035;15;366
6179;5;347
36854;19;325
3431;16;386
7538;19;316
13747;22;406
26147;10;324
17487;56;4
35110;54;316
102342;148;442
13061;29;366
28260;17;425
6724;13;97
4850;16;11
2186;4;321
2255;6;316
1945;0;11
20170;9;425
9441;14;332
4225;4;316
7158;23;316
14047;22;97
4142;16;411
14444;17;316
36874;15;335
36106;33;316
85229;37;321
5041;6;316
25045;15;333
4699;8;335
107818;156;49
5728;10;4
29781;58;1
12112;34;400
176417;111;406
3399;25;378
29987;89;316
10822;18;406
18676;32;316
25897;32;316
14877;34;36
35554;92;16
1990;4;10
2728;2;21
4359;10;45
9776;28;415
52291;24;372
2563;3;316
5315;13;432
4924;9;10
7186;11;321
8218;14;349
1949;2;5
5728;13;65
3529;3;316
1247;5;10
4483;12;316
3284;7;41
4483;4;316
2366;3;33
2297;5;413
6418;8;350
9180;18;69
5029;13;319
7529;13;407
5162;4;316
3457;13;22
10319;24;77
58755;65;349
32122;31;459
6570;16;36
8261;28;40
7224;10;0
5534;7;24
3251;7;339
57769;23;406
59920;76;22
32350;25;316
1686;1;393
37895;88;316
10459;24;476
1326;4;349
22909;13;325
72460;22;316
16447;43;330
4610;12;36
5329;22;11
36853;105;333
5546;9;15
10175;33;140
3027;11;0
8681;9;56
13696;22;151
3731;11;11
12451;7;328
21664;40;316
82422;87;129
2794;6;95
3482;8;94
11455;9;446
21664;22;62
352585;1929;7
5440;5;81
25650;87;424
4016;13;336
94045;23;341
25897;69;451
25604;51;81
15688;12;415
10072;6;425
5444;3;361
2199;7;11
5701;21;51
20562;15;383
13550;26;45
8314;22;425
4706;4;461
27142;19;411
24652;21;36
37351;54;22
8808;15;372
2832;4;36
4037;13;361
11927;18;39
3615;13;50
67231;35;125
4817;11;22
5698;14;47
3920;5;386
11262;14;325
11455;18;100
11826;24;363
12452;24;0
18384;92;316
27142;62;316
15178;18;139
26230;15;417
2084;2;380
21883;20;4
78934;242;32
2714;5;22
9997;31;316
6826;21;369
16186;20;330
4585;9;53
12452;17;96
5899;14;14
2336;6;75
4242;15;133
7849;14;84
32902;58;364
56275;60;45
27391;70;54
10211;16;7
10227;31;316
10823;49;316
13852;29;316
20005;15;316
79930;134;415
14998;29;36
7102;23;316
8236;6;201
45761;47;419
4420;11;105
19424;39;316
13689;16;394
13447;37;321
4463;5;0
3890;6;83
8716;11;370
30040;11;321
14695;41;2
592123;353;394
7720;26;316
8293;11;129
90886;195;515
18427;55;155
5186;9;469
15972;20;119
11969;15;120
25722;45;45
3384;5;36
6114;12;361
15892;65;73
6416;18;316
2942;4;323
6750;13;45
1752;6;318
7010;20;321
19922;26;408
11953;18;0
11045;22;11
21664;114;316
4995;9;400
2391;6;11
4301;10;361
6748;24;316
15220;24;75
44077;61;33
4034;5;11
5844;10;428
1672;6;73
1346;3;28
2592;7;11
3689;10;401
3072;8;335
5042;4;335
5184;11;325
6346;10;389
14155;34;10
11455;22;0
11977;46;316
11729;20;81
18360;23;406
11133;11;444
7473;20;425
11668;16;438
2926;5;0
29632;63;316
35110;41;0
26644;114;45
4995;12;316
11456;23;323
3985;7;363
8938;11;36
7720;26;316
31518;152;327
224850;287;32
32478;74;11
3096;3;132
19970;38;316
2289;6;316
10215;15;393
34612;31;333
17322;48;373
5241;13;36
7835;16;377
7471;19;370
4079;7;335
14815;34;316
4835;8;2
3737;17;0
12980;26;316
6292;6;335
5728;13;56
9714;33;344
10708;74;11
13824;36;402
164839;391;323
12859;58;41
2095;2;335
3509;15;354
2341;3;61
12833;22;28
5744;3;50
31875;28;462
6291;29;67
72964;196;316
31805;36;316
15110;37;38
10223;28;316
9961;24;334
7882;19;316
4265;12;32
85050;144;316
7635;17;386
162820;263;379
1609;8;7
15430;41;119
8965;11;36
11140;30;375
14194;36;394
114043;139;81
3703;6;11
5090;12;381
2776;6;316
18427;63;316
4112;13;11
47435;122;81
25648;23;68
22661;14;0
6387;12;0
1693;1;316
1693;5;10
4461;9;11
3472;5;316
21641;15;316
10210;39;7
11206;14;465
15445;29;2
6838;12;349
72460;117;489
4115;6;11
4732;14;325
4203;13;163
17432;8;36
29099;44;68
3529;16;27
18076;28;473
14760;18;101
4732;11;370
28592;25;368
7112;5;75
9077;16;111
346858;948;416
6969;11;10
3258;11;14
11903;73;61
3847;10;102
5479;9;11
6192;10;10
2989;11;361
6273;9;404
31126;94;321
14363;27;31
36553;48;31
20213;25;316
29633;89;316
4532;25;368
13311;58;94
4938;11;11
4135;8;31
82670;137;361
47560;66;369
116936;120;354
1707;6;316
2677;6;316
3450;11;494
5119;8;316
4643;6;341
24902;55;316
3025;4;316
9214;8;362
3723;12;93
2332;5;323
22162;73;27
14023;13;36
26893;34;316
2734;11;22
10034;22;2
63375;182;323
36303;17;361
5481;15;386
3583;8;10
10085;17;330
18676;41;448
14221;38;330
63417;45;90
8717;24;135
7545;15;363
25019;67;359
9961;9;319
68551;97;316
5394;2;2
19921;62;369
2377;5;205
54784;81;316
26644;89;22
5935;17;328
1912;14;57
62749;27;361
39094;11;361
27640;42;60
5479;27;316
31420;46;0
5230;7;126
10708;34;316
1477;4;41
5310;11;321
39593;230;32
5556;22;349
74842;33;456
8714;4;22
26395;24;17
23916;21;7
11455;27;316
15448;33;64
6996;11;377
12006;30;361
15439;49;441
3295;8;372
5684;2;421
2430;8;448
8716;18;322
7561;22;316
58950;94;318
1912;4;316
1312;7;75
13603;15;11
2182;7;316
4454;8;342
12424;36;2
6724;32;366
19423;79;326
7471;14;406
39592;15;2
4483;10;22
15364;24;344
4483;6;382
5538;16;383
16310;54;362
3080;7;342
2847;9;440
1881;3;488
1929;6;472
1866;6;379
7826;6;76
4925;12;361
3545;2;81
3476;5;316
30877;21;371
5977;14;411
2669;8;412
3170;7;442
5479;20;338
2312;7;87
1922;20;417
12681;13;22
2874;1;347
4483;13;38
30097;59;316
75697;115;316
6870;23;129
2326;8;316
1147;1;5
1229;2;5
961;1;5
24652;84;321
18676;18;321
12784;26;361
8604;23;2
5977;12;361
9380;18;319
7969;11;434
6552;8;67
4442;6;397
7287;4;316
10023;44;321
4896;7;32
2222;9;452
17431;13;131
5582;16;14
2537;5;341
63342;110;25
3064;9;475
22552;82;58
18179;32;331
3389;6;132
9665;32;316
9331;22;321
7291;21;316
16231;22;89
5411;12;316
3737;8;316
2974;3;2
4418;10;316
19921;27;2
3602;10;2
2138;9;325
23571;43;41
6026;20;12
16934;25;22
10491;36;361
15190;36;410
3901;2;10
2175;4;434
2757;23;43
14532;38;316
1830;5;405
7223;10;316
8264;30;36
5496;12;145
2103;4;0
4475;7;361
3525;8;61
48059;56;426
2167;11;374
7071;53;330
2578;7;108
13696;26;466
10656;28;22
2929;15;316
9606;30;451
4637;18;19
107321;313;11
4747;12;316
13311;30;11
1627;4;14
1407;2;11
10651;24;11
18427;25;11
3248;7;19
5449;17;182
3866;10;11
10368;13;16
11206;15;19
8717;34;322
45462;23;327
3618;6;316
22393;25;11
1291;0;4
893;2;4
1387;0;4
8457;12;389
1753;2;11
21112;41;134
1583;10;133
18925;29;36
7044;20;316
2049;3;391
10318;20;316
14092;40;67
18676;50;406
18488;19;406
26547;45;11
6475;29;53
85249;96;389
3360;4;11
4733;7;36
12973;15;345
20099;34;316
7796;17;350
2635;8;316
9281;34;11
10982;24;321
9227;10;388
13382;5;11
13861;11;38
13414;21;15
6848;16;36
34861;179;316
942;0;391
11953;15;11
19636;44;417
10958;32;316
4490;8;130
4483;1;91
3336;3;4
45519;81;421
15955;70;90
3966;5;339
23656;78;155
4590;13;157
77191;119;36
13405;32;316
3985;19;36
5170;6;344
28601;59;36
2395;18;316
7969;14;11
39841;40;453
6605;8;318
3985;7;11
4624;1;10
11093;20;0
1682;4;380
968;4;22
6724;44;319
8649;15;39
9055;15;77
9702;29;316
86405;63;148
7909;17;7
13447;14;335
16752;25;87
33118;52;462
8322;16;96
47311;37;318
4154;1;4
26014;39;354
9463;42;316
3734;12;324
3317;12;3
2462;4;4
19949;9;4
13291;8;337
178036;209;316
5358;1;457
9712;32;45
8540;22;78
2693;9;322
8703;9;36
67231;31;42
5360;15;316
2145;8;1
2556;6;14
30132;38;415
5629;18;22
4866;17;16
23429;51;0
116783;181;130
5948;25;316
9651;75;335
5662;21;0
3312;9;316
2303;16;133
5208;12;72
1781;0;316
15045;39;324
2727;5;10
3765;23;406
21516;41;441
22766;31;316
4359;8;11
11311;20;58
11603;10;141
4871;4;7
70179;44;421
6944;15;8
54491;13;316
4960;15;11
10137;15;10
6414;19;344
89145;97;332
2289;4;22
13467;31;4
5100;11;43
34114;45;316
1266;4;10
3488;4;36
1721;3;47
8469;25;352
6313;9;12
16436;31;328
29963;25;368
49303;28;91
17101;29;316
5333;14;388
8934;17;316
21453;32;361
26146;39;316
6114;12;11
16829;38;4
8965;22;327
7260;33;22
50715;51;378
43576;55;377
1819;6;11
6475;9;41
21913;13;330
23905;35;36
10303;17;418
23994;24;330
1744;3;88
7944;26;96
10404;23;0
18925;21;81
38845;70;0
415333;242;361
12860;20;406
3827;2;5
8418;8;406
9541;24;4
8467;5;320
2665;2;321
5230;10;316
30284;105;11
11866;11;2
3759;12;60
3566;6;92
15439;30;45
36106;10;429
52999;96;48
16933;48;7
3185;6;321
448450;359;406
7197;35;316
25150;45;316
27087;49;384
4339;23;23
10672;43;316
2286;11;325
4643;11;22
46902;153;5
2028;1;64
20015;24;339
11551;21;320
2358;4;11
1198;3;11
1195;1;11
7032;30;316
5515;17;316
8935;13;316
45817;136;11
27889;70;36
4645;10;316
5288;5;41
77191;206;316
6973;6;316
2467;8;11
12533;18;22
19921;21;455
54283;177;316
9044;18;333
187996;152;438
3741;6;338
5450;10;15
8592;19;349
4877;18;347
6088;26;321
4884;11;11
5341;7;356
19044;43;70
40090;106;476
54081;68;427
2809;4;57
80431;72;45
3448;4;36
5014;16;66
22408;81;375
58765;205;2
12202;23;16
19585;43;324
7888;4;55
4732;9;84
4483;8;144
66434;28;36
3488;10;84
9778;11;336
1622;7;10
9616;18;316
5518;11;11
2822;3;55
1294;3;11
1747;3;28
2870;10;92
9646;19;0
1659;2;10
1834;1;316
3619;5;361
2054;5;113
3679;3;29
2428;3;55
2682;2;16
8603;25;352
21913;18;11
17908;10;389
1180;2;55
3780;2;104
5474;9;38
5267;8;81
6217;14;349
27391;51;372
116035;125;402
6348;10;316
9818;21;92
7169;30;78
1574;0;57
8182;18;380
16933;43;382
2875;2;15
99851;72;55
17903;35;335
3985;7;413
20170;12;316
16435;14;126
6864;9;369
4944;5;341
22180;38;51
10459;36;316
8067;12;316
4642;6;16
10630;19;36
3616;15;102
8344;18;424
7222;15;412
19921;37;60
10838;32;421
41074;127;342
16612;7;10
1985;2;431
3260;3;19
19048;33;328
5230;20;48
22162;6;10
11705;29;101
13198;28;100
20170;29;425
7624;24;10
2162;4;328
25153;73;6
27391;32;393
3600;16;7
4672;20;316
7050;16;18
24403;130;17
48215;62;36
115289;211;63
6470;13;316
200446;398;11
159859;225;324
8969;26;352
34285;76;32
2491;6;127
3623;2;417
8848;26;37
16907;18;125
24155;154;61
22580;63;403
9740;12;361
56275;42;319
35858;60;332
2242;1;64
12958;23;85
28387;17;316
101943;207;412
3898;6;418
6136;13;357
13697;13;190
9617;36;323
5147;23;392
27889;12;126
4302;14;376
6006;8;69
20757;29;420
8570;23;70
4761;15;56
2439;5;325
2946;1;320
22865;3;320
3878;3;320
3663;4;99
2242;2;10
6055;12;11
15388;35;354
8326;12;364
71464;189;338
4483;8;378
6100;14;366
3985;5;36
91384;151;316
12451;5;90
44130;48;325
1993;2;4
16416;40;22
18180;34;11
11136;17;316
4548;10;81
4519;15;378
16684;26;490
156871;46;359
4732;15;10
2353;6;10
25790;58;22
29134;30;92
32372;51;41
11092;17;22
10448;25;11
7610;13;466
9025;16;316
3186;3;4
64742;88;316
5296;12;56
17108;29;46
20468;28;383
37343;29;325
2705;2;157
23311;23;22
24653;30;316
6254;32;398
15451;32;318
18310;24;333
3985;9;10
5964;17;36
1335;2;316
7471;44;10
7720;20;316
31377;46;36
37686;104;331
72062;108;316
1307;1;2
6475;19;321
14443;9;120
47853;169;40
3710;6;316
5532;7;361
1650;2;13
22660;59;395
1540;2;0
10268;14;22
29881;51;36
4359;14;316
3333;3;425
10044;17;55
1672;6;316
9463;32;22
34333;42;378
25217;38;368
16813;11;320
8156;22;368
5479;20;0
17287;28;379
5854;17;43
13198;17;30
3315;5;335
14844;56;0
9393;18;0
39095;71;45
27391;27;90
16449;13;0
31653;63;0
7141;9;100
53039;102;337
25611;23;400
10252;35;316
5034;9;64
79207;73;394
4397;19;316
22899;68;2
185107;251;340
14001;49;17
25649;81;59
9230;20;36
10403;43;409
5230;6;129
6877;13;345
10708;30;9
12795;40;316
73293;69;321
13696;44;370
145168;304;319
106598;251;61
5593;24;353
39094;47;329
23656;49;126
22379;76;0
4968;15;361
9148;20;112
24652;39;11
10747;17;36
11701;65;61
19361;31;389
16231;69;370
18925;46;352
6160;28;5
9819;19;14
24652;60;412
11249;24;321
32049;63;449
4685;14;316
4220;5;0
11441;21;67
32747;78;74
9923;23;40
2213;12;0
1003;4;0
1782;3;0
1798;3;0
1235;1;0
2992;5;0
2385;14;0
1456;1;0
3070;12;0
2442;7;0
1468;3;0
1311;3;0
4414;9;354
1718;4;331
5943;31;335
112808;121;328
7942;13;335
7222;37;85
49554;54;316
13199;24;432
35857;66;410
5479;12;398
71962;64;316
7714;17;120
6272;19;328
33367;51;316
32371;18;316
57520;96;41
8100;8;426
4300;12;0
21167;59;356
2900;6;316
6551;15;130
50548;56;41
914827;246;406
5431936;9109;0
17286;31;0
9961;3;361
5230;16;325
21176;64;320
64411;155;120
3637;9;400
6413;10;331
9532;20;4
1882;5;361
3660;5;23
4554;6;402
12973;84;11
16685;43;316
4737;28;316
32944;53;29
158420;87;415
2448;4;22
10446;50;320
60508;93;349
45959;82;439
9593;37;22
3926;3;342
19516;70;316
5473;6;387
7466;24;26
13502;51;319
40091;32;406
59014;104;323
37102;93;338
5804;21;22
139193;76;385
41077;21;423
16204;22;113
70219;96;335
29735;26;344
2349;9;316
21664;80;316
9992;49;7
12451;41;316
5750;11;363
29232;131;316
17500;98;316
53536;38;316
2319;2;394
13790;40;30
16898;57;78
5471;19;316
7426;24;22
8588;28;36
5100;16;134
43344;65;15
19672;16;416
13945;42;325
4483;8;316
5340;11;91
3950;20;366
2811;4;22
2107;3;36
154630;40;22
15707;24;48
5728;20;316
4319;5;354
5746;11;0
2045;2;338
4156;14;321
45070;24;361
14614;22;411
14724;15;370
9236;66;316
11630;44;339
47989;41;415
7650;15;325
17775;59;22
13696;17;316
1611;6;55
44088;72;356
6228;21;36
9961;21;316
23630;50;337
6168;13;36
15439;26;89
5916;20;335
3795;12;316
3917;7;320
60464;118;349
7296;12;55
10048;32;318
8616;10;316
21294;23;316
17182;30;331
17431;37;76
11704;29;40
9452;21;40
58019;53;324
4484;9;36
2847;11;36
40377;48;320
2914;3;323
5479;15;27
2181;6;53
5226;27;36
15688;40;460
7210;25;323
45323;184;316
32199;83;11
59512;165;22
65240;240;316
4447;10;316
46564;129;365
6376;11;411
10535;48;81
13488;42;81
26147;18;330
39343;55;0
42045;40;26
12854;28;316
2535;14;316
23744;50;367
3639;7;2
4235;10;316
2986;12;85
154630;380;449
64741;106;316
8467;21;316
8218;17;316
6869;21;316
6278;13;316
3238;3;316
12879;28;316
10957;9;316
5479;8;0
2291;9;316
2555;5;316
14431;34;36
5977;17;316
8716;21;0
1825;8;342
8557;17;316
5644;27;22
14209;28;316
7672;10;0
17929;13;0
20957;30;22
60757;39;316
4981;9;344
4424;11;340
12716;32;316
18427;32;316
69970;132;361
14194;13;368
14138;16;316
7720;11;316
35051;46;316
12700;21;316
19862;23;316
15453;32;316
2339;5;326
8300;12;316
13168;34;327
8210;12;316
4194;5;316
1940;2;327
7720;7;107
26951;9;0
3100;6;319
25790;49;318
10843;18;316
96115;189;454
18299;21;102
8484;11;326
62002;90;316
38347;42;36
5698;16;316
3214;8;10
8315;16;417
3968;13;327
12838;58;316
4732;21;22
4717;7;332
44486;34;413
62749;42;316
4348;8;46
14025;21;316
7311;7;316
12336;19;347
4545;8;316
3091;8;316
11206;27;87
12434;19;316
4237;13;393
2596;15;327
6733;3;316
9501;36;22
3072;3;391
27017;29;362
4671;24;6
63995;137;335
6973;4;10
12451;21;26
3978;6;332
94870;152;375
6912;19;38
24154;46;321
4754;9;319
2895;9;352
8122;29;323
5272;7;10
2399;7;102
7352;16;445
19420;27;71
7222;21;316
21542;33;319
21476;53;423
40192;63;7
69223;18;316
7535;22;0
8659;44;11
10460;14;36
4463;6;361
4611;15;0
9017;20;403
4937;11;344
11455;12;0
19376;44;55
2961;4;322
2101;2;331
2491;6;46
12738;12;22
6821;10;33
24176;53;434
2710;6;344
21705;28;84
25644;69;316
34482;55;36
15749;42;325
2238;0;335
1790;4;433
25960;30;43
16684;33;68
9712;22;14
19424;15;382
2951;3;383
5119;16;336
9631;23;55
47560;27;316
30948;53;4
48604;41;361
26178;29;378
7500;15;368
101844;143;396
21415;25;438
13019;15;27
13883;32;10
26395;27;316
1852;3;104
6405;19;16
3898;10;36
18904;49;367
36003;66;316
92380;46;22
4645;11;55
11800;14;406
2012;11;316
3439;16;335
13733;23;74
2638;10;442
12766;27;367
8757;24;316
25291;26;427
22162;45;352
1756;4;316
44519;47;388
114883;34;321
15473;7;0
26119;93;22
5509;9;333
4376;10;64
6749;17;36
7144;35;56
6885;21;353
8460;17;413
14520;17;316
106573;182;45
33765;59;365
1844;4;0
6537;17;11
4379;11;22
16435;23;430
6162;13;393
4358;2;316
2886;3;366
19423;19;366
13198;54;374
8002;19;36
5097;6;316
7036;7;74
5244;20;324
18676;57;321
6933;26;27
181771;190;442
11478;5;344
12092;16;65
9788;25;321
13796;16;11
3617;11;22
29101;39;435
15190;36;39
3854;10;26
134644;112;406
17480;36;36
5790;9;4
3212;15;327
70717;128;92
47560;47;31
6475;13;81
14615;42;445
6321;4;361
5911;10;40
3338;5;371
7720;16;22
76693;131;333
15439;27;36
7279;23;55
8718;15;322
18384;85;45
38966;134;410
124999;90;118
7334;22;316
4718;15;36
15688;10;371
156373;233;36
16727;36;126
51576;106;118
26645;14;316
37973;84;19
7941;39;33
30877;38;316
5978;15;316
54532;123;316
11245;15;316
6663;3;337
12701;12;36
3015;3;316
29284;81;2
3421;4;10
1738;5;67
122011;218;332
35111;11;316
4483;23;36
20039;15;351
21824;19;434
4538;10;316
11401;15;316
15692;22;325
4878;23;36
4531;7;84
6235;10;325
2554;3;81
2606;1;361
42067;24;370
10161;10;316
40838;87;338
7471;10;325
28616;48;386
42082;23;428
59014;35;36
6410;16;11
3177;6;316
3944;5;316
2770;9;316
6776;12;0
8009;18;126
8219;31;427
30420;61;104
18742;8;446
11704;18;406
4199;16;11
4563;7;434
6944;20;14
19174;26;316
83914;110;406
26097;14;316
2610;9;363
4288;4;0
49054;21;155
40387;53;126
4769;13;326
31769;78;70
9719;14;450
23158;33;155
12035;30;11
9670;12;316
48308;45;36
2023;2;127
4721;1;0
62272;41;316
3116;8;0
8156;15;386
18927;10;361
7391;3;341
35796;17;341
18488;14;1
3873;3;62
18426;13;316
2164;2;316
109561;15;0
13468;12;4
5377;2;316
25314;15;423
2347;2;316
8678;5;1
13945;8;361
7223;3;316
24665;22;316
4882;6;316
5195;7;1
11298;15;4
3307;0;0
5658;7;0
7053;1;316
4308;8;316
5495;17;316
2055;2;316
2439;0;1
12086;8;380
4908;5;358
3955;7;1
2068;1;1
2665;1;1
1085;0;1
4206;8;1
467;3;1
1246;0;1
2346;2;1
2424;7;1
1752;1;1
1920;1;1
11559;9;1
11787;12;316
12460;14;81
5491;10;135
24389;40;22
6325;15;36
5790;10;370
10958;8;316
9481;10;316
17028;18;31
7866;9;373
6143;15;385
3644;7;59
5977;11;316
5195;8;0
5040;9;4
7129;18;5
4441;8;36
2368;1;36
4732;1;36
6293;7;36
27145;27;361
5859;1;36
10676;18;91
2354;3;36
4268;0;36
8281;23;350
9887;8;36
3588;1;36
3736;1;36
2149;1;36
15381;20;328
31624;36;3
29049;29;434
15184;22;117
6965;15;373
64243;114;432
109810;56;482
2243;4;380
108817;262;316
4892;3;361
15624;56;316
3773;16;316
3670;9;392
2838;8;0
4626;12;366
2531;6;316
4451;19;63
2813;5;64
4465;7;386
4171;8;72
3986;7;337
27426;20;435
4703;7;368
47311;41;348
35258;28;36
1957;0;98
27391;16;372
5355;9;334
15937;56;82
4041;11;4
31375;82;351
8927;32;319
9708;32;81
10201;24;366
9770;17;330
6894;10;316
1917;3;330
52007;27;84
1153;2;349
2595;3;347
78871;35;363
1618;2;7
7222;42;376
17608;25;36
7109;13;373
4732;3;52
11206;33;0
11664;24;318
13788;23;334
6359;12;316
11455;26;36
7720;13;84
9463;19;336
29867;38;10
29225;48;10
92380;116;10
12910;12;367
4528;5;7
70493;35;370
9518;11;67
8589;23;36
3846;5;316
15076;40;55
25399;64;390
261451;521;482
15689;28;67
12756;34;316
25654;53;425
4720;8;0
4827;7;331
2258;3;316
3968;29;346
8494;14;407
1048789;557;357
2291;3;455
60759;92;22
45817;86;95
6009;12;361
56026;94;446
24660;41;316
56524;93;327
38098;64;322
238045;508;38
45319;84;47
36818;121;12
20836;24;140
15513;15;389
18925;9;316
19174;76;10
2349;4;321
11455;30;86
30669;24;423
33619;30;316
21163;11;82
48434;52;361
6237;16;365
14941;35;30
24198;42;45
98369;205;51
5479;9;43
6036;1;424
63681;112;322
44323;55;385
64991;51;27
13448;18;316
3283;10;432
106325;129;316
33484;109;349
8541;7;2
16317;26;0
20917;40;11
75252;112;36
3361;14;375
6218;17;316
583907;574;316
12423;39;361
570959;316;367
63746;73;386
2670;4;350
68949;61;49
8289;26;4
14573;17;43
72709;164;316
135706;237;316
107320;329;363
33974;29;427
37104;66;318
3976;4;99
12776;17;22
3192;9;406
3143;9;316
7146;14;325
33616;88;62
28639;44;18
11710;22;346
5022;9;339
53536;105;344
7614;12;316
11291;12;361
7821;5;361
4037;12;1
29239;71;361
36355;51;366
12310;26;370
4199;3;316
8091;10;58
62500;58;361
14512;29;96
18178;50;333
331997;174;408
100846;93;364
7766;12;316
30628;40;334
9865;20;125
15264;17;0
3797;7;55
5998;9;0
3993;16;321
2913;8;14
6498;16;316
8323;25;9
4067;10;107
28467;46;365
4238;2;1
16067;32;10
16684;28;386
7969;25;99
13176;25;39
72958;99;11
22660;35;338
10436;17;10
10957;24;36
9463;27;10
98450;110;41
14077;18;0
6870;7;15
7468;19;10
3109;0;56
2307;4;55
9486;33;121
11422;23;57
27640;57;10
24810;92;10
16933;32;465
19262;28;316
18676;44;20
13458;52;103
19923;53;73
38347;59;316
6822;15;11
6636;40;10
6377;15;326
17431;62;55
22222;49;63
13142;38;127
26420;74;323
10708;29;62
22909;26;10
11206;26;22
5501;10;91
14941;15;55
10772;21;318
1070;4;10
10957;33;50
4877;11;11
9258;31;316
27481;31;100
3986;9;29
10459;14;10
24901;49;10
30178;43;12
3412;4;10
11953;24;32
13304;38;66
3238;7;17
24901;41;21
25816;22;319
21653;86;10
4335;6;10
27167;76;10
7046;19;55
5818;26;400
25150;40;429
28523;73;331
15938;18;36
2808;8;10
7787;14;406
4061;15;111
13945;19;35
107320;282;77
2276;2;10
15941;10;38
4799;6;36
11245;14;60
35608;93;88
11817;33;94
23158;57;111
3985;12;10
16684;13;1
1861;4;10
7663;11;344
6085;32;127
10516;6;10
29632;48;316
7969;20;10
2637;6;12
31126;101;436
5409;27;15
6740;20;60
23158;23;57
4968;17;10
2594;14;12
16860;38;14
5137;11;316
5010;8;406
29995;42;439
4989;10;13
1368;4;316
18027;53;100
4981;17;377
14167;32;16
38348;51;411
4738;11;67
10459;19;326
173583;431;367
48250;73;36
20358;35;22
4530;33;55
11159;38;10
4264;30;100
15439;40;83
18179;23;36
23656;68;361
12206;36;361
33119;66;43
5418;15;325
18844;40;316
2086;4;316
9125;29;0
12972;16;316
87972;157;361
15937;40;438
17680;48;43
24611;50;335
7805;21;385
3238;10;406
30877;27;379
29069;33;321
5977;12;63
7822;11;349
7256;20;384
25399;28;0
20917;52;394
15112;19;357
10210;36;0
15272;51;318
7363;12;440
9547;14;316
41211;24;316
20179;26;406
11395;23;427
6262;19;366
5773;5;17
34241;20;321
131971;125;44
47063;77;370
9214;31;31
259210;190;343
7550;30;393
46926;67;51
14292;21;0
18427;29;322
12397;29;318
6352;9;316
3914;5;22
5788;27;361
55291;136;441
7487;14;10
152639;82;316
71215;119;10
3953;13;322
31377;92;406
3192;16;330
6724;11;22
2888;2;67
5895;11;10
45568;71;417
6610;10;14
40589;35;316
4763;12;365
65241;137;318
16651;40;341
53160;51;316
8977;24;335
29117;35;437
49552;62;316
13592;41;0
19921;30;326
4000;26;316
18293;41;321
6498;25;10
24303;27;10
3739;3;437
4267;11;316
7471;15;316
3241;4;316
6942;25;316
6724;14;316
26444;75;386
43327;65;318
29632;39;324
14583;33;327
5217;14;320
5770;13;415
5589;11;361
5607;18;91
3369;3;322
266182;242;386
372007;503;445
9133;10;316
8393;19;317
121764;249;524
15045;29;36
5905;8;322
14443;9;0
2131;5;316
2386;9;0
12589;41;98
110299;134;478
21188;42;407
4981;28;0
46564;102;1
5230;22;415
5640;7;74
8634;16;316
69223;108;72
4819;12;432
13711;24;318
9008;24;14
25801;39;321
14228;23;36
42040;43;0
6724;26;316
3323;2;333
5425;11;1
1876;6;10
8820;36;73
53854;181;320
6580;25;12
10182;17;36
18551;30;22
47941;90;114
8633;31;316
8218;14;10
22411;65;316
5732;24;316
3985;16;35
3418;19;316
31624;27;42
65239;154;22
5298;8;316
5229;13;30
22909;31;316
26645;87;360
2297;12;1
8711;23;316
87899;92;2
262520;135;375
4396;11;316
58765;135;316
14941;46;41
4462;10;436
134710;290;396
101594;241;50
11053;18;16
2549;6;393
6019;22;36
6875;18;1
19724;36;53
7016;20;316
28885;60;347
7130;10;316
8855;20;36
73884;120;57
14941;44;419
3107;5;316
36751;54;54
5363;8;7
6985;13;319
6658;23;331
3562;12;34
57271;204;41
107071;257;316
8906;10;1
2928;8;323
2001;2;0
1896;6;99
2029;3;346
20954;47;367
5190;14;406
49114;64;406
9989;17;423
2694;4;316
72686;117;318
51046;68;361
9604;27;316
2040;6;317
63745;148;41
4945;14;316
9176;23;316
35420;56;32
39841;101;4
11308;21;316
5054;2;316
26893;44;316
4932;24;1
8556;17;316
11659;24;316
11513;29;22
8279;16;316
10691;20;361
11594;18;341
4898;10;320
2110;3;342
3811;9;316
50299;31;41
20312;19;316
19708;35;316
40091;103;316
3486;3;350
5617;46;370
15190;39;2
5145;11;316
10615;25;48
4176;7;316
12539;13;380
11455;34;316
2364;7;406
29238;11;1
20917;60;41
11704;49;406
16887;31;316
4234;13;2
10781;22;321
11553;16;341
2966;11;316
68725;181;131
16933;40;316
2706;7;323
24707;51;335
16933;35;2
12398;28;323
14123;14;316
4495;10;316
2703;10;316
3223;6;316
2972;10;316
4367;7;4
1961;6;0
6420;14;361
58093;48;316
24953;48;322
140686;173;365
4064;13;322
2354;6;322
3007;8;322
3465;1;322
1318;1;322
1806;6;322
5986;8;322
1916;5;322
1131;1;322
5824;11;334
1240;1;322
2973;16;322
2404;3;325
5338;12;316
2491;9;316
3186;6;28
3493;24;22
3697;7;322
8010;17;438
6459;8;322
3982;17;316
14692;24;361
3759;8;316
86943;148;7
3186;8;325
1657;8;322
39837;88;325
21999;65;6
31375;70;316
373501;850;415
1620;5;322
1289;1;322
9989;15;316
9238;10;339
4912;22;19
5050;15;11
1920;9;322
12211;16;316
1561;2;322
7720;18;322
26573;56;316
5049;5;325
4864;10;325
11044;8;322
5765;26;316
1810;3;316
4330;13;372
17153;51;43
157619;475;36
55088;49;372
119272;76;321
29308;35;316
16725;43;73
28087;19;2
2720;9;322
9718;25;1
4499;13;22
4275;25;316
37696;55;36
3449;5;415
6724;27;36
7676;38;316
10357;8;5
25077;97;325
19767;43;316
162349;271;349
42331;37;316
19174;23;131
13691;28;10
6484;20;327
93874;55;316
12437;41;322
4393;9;322
11728;42;361
34876;68;38
87650;80;316
3696;11;335
7471;33;7
4912;4;316
20838;70;316
4253;12;5
16435;34;40
2534;4;26
34434;71;316
3467;5;316
7489;8;406
4822;19;316
24222;67;47
4773;14;316
63985;179;341
22741;45;316
29094;47;43
2901;11;316
8913;38;46
23712;43;321
4140;7;330
8500;28;6
8723;47;22
22126;24;9
4532;28;322
57717;115;319
45209;75;398
6977;15;316
6725;23;0
4795;5;316
8531;40;19
8589;35;41
58895;140;324
12430;36;344
6953;19;395
8355;14;338
61255;83;406
8078;22;41
3467;14;2
3767;14;389
13819;28;316
170567;548;316
3629;7;0
61346;78;316
38579;21;316
505969;299;316
14391;46;322
4761;18;322
17818;61;361
2740;16;338
12202;34;361
21601;41;1
23408;35;316
2828;21;28
15058;40;4
51295;210;28
43079;121;365
1781;17;322
50797;88;316
7452;28;316
10211;45;322
10661;28;316
18676;31;316
2167;11;4
6901;18;322
2945;11;1
10679;19;0
36107;97;316
49552;180;316
263712;420;337
8675;20;43
9640;14;24
3661;6;316
10789;17;320
4337;9;316
37890;81;325
20651;54;29
46283;71;318
3497;6;1
9944;13;322
17295;32;0
2358;5;0
7663;6;367
2630;6;316
7829;5;316
3181;6;316
5112;1;364
15984;41;0
1732;1;361
5978;7;0
6382;14;322
2701;4;4
2502;2;316
7361;19;316
2033;2;335
6366;16;318
4615;8;316
10294;12;0
2098;10;316
16435;38;22
18727;29;22
12949;19;7
2220;4;316
13740;38;88
1939;4;0
1237;2;1
1776;5;335
3824;4;34
6692;10;0
48058;84;332
10098;28;316
6363;12;316
6686;20;316
7124;20;0
7013;11;0
4251;12;361
7604;11;1
2056;3;361
47798;83;46
10007;15;386
17377;13;15
6535;13;316
9378;21;1
2071;1;26
1267;1;1
1962;3;8
33616;37;36
1744;3;322
23247;18;420
7315;15;322
14336;21;0
5970;7;433
13089;13;322
6195;7;4
7796;3;36
5304;11;316
23158;43;316
2553;4;335
3201;3;316
2797;4;316
45125;136;316
4732;7;22
4191;7;316
7653;13;316
2648;4;316
42580;99;456
34789;47;432
1816;0;316
2709;0;22
4055;15;2
8643;15;316
4979;5;349
7622;6;316
9962;15;9
3202;4;0
8816;8;316
2164;4;41
11987;44;316
10770;20;22
11202;7;316
11792;34;36
2920;4;316
3801;7;17
26624;48;316
8697;5;342
33118;31;316
5099;4;316
2506;0;0
